일시,기온(°C),누적강수량(mm),습도(%),시간당 강수량(mm)
2023-06-01 00:00:00,18.550847457627118,0.0,75.8271186440678,0.0
2023-06-01 01:00:00,18.113333333333333,0.0,70.35166666666667,0.0
2023-06-01 02:00:00,17.923333333333332,0.0,68.32333333333332,0.0
2023-06-01 03:00:00,17.253333333333334,0.0,72.02166666666668,0.0
2023-06-01 04:00:00,17.166666666666668,0.0,75.58333333333333,0.0
2023-06-01 05:00:00,16.861666666666665,0.0,88.81,0.0
2023-06-01 06:00:00,17.816666666666666,0.0,84.55166666666668,0.0
2023-06-01 07:00:00,18.6,0.0,80.63000000000001,0.0
2023-06-01 08:00:00,18.801666666666666,0.0,82.09666666666666,0.0
2023-06-01 09:00:00,20.041666666666668,0.0,75.71833333333333,0.0
2023-06-01 10:00:00,20.651666666666664,0.0,72.76166666666667,0.0
2023-06-01 11:00:00,21.745,0.0,66.895,0.0
2023-06-01 12:00:00,21.253333333333334,0.0,68.39833333333333,0.0
2023-06-01 13:00:00,21.383333333333333,0.0,68.98333333333333,0.0
2023-06-01 14:00:00,21.709999999999997,0.0,69.24499999999999,0.0
2023-06-01 15:00:00,22.136666666666667,0.0,68.15666666666667,0.0
2023-06-01 16:00:00,22.058333333333334,0.0,69.03999999999999,0.0
2023-06-01 17:00:00,21.961666666666666,0.0,70.69666666666667,0.0
2023-06-01 18:00:00,21.223333333333336,0.0,73.94333333333334,0.0
2023-06-01 19:00:00,19.928333333333335,0.0,76.73833333333333,0.0
2023-06-01 20:00:00,19.03166666666667,0.0,76.395,0.0
2023-06-01 21:00:00,18.263333333333332,0.0,80.48833333333333,0.0
2023-06-01 22:00:00,17.701666666666664,0.0,81.73833333333333,0.0
2023-06-01 23:00:00,17.084999999999997,0.0,87.26333333333334,0.0
2023-06-02 00:00:00,16.45,0.0,92.03833333333334,0.0
2023-06-02 01:00:00,16.678333333333335,0.0,91.05,0.0
2023-06-02 02:00:00,16.371666666666666,0.0,90.03333333333333,0.0
2023-06-02 03:00:00,15.518333333333334,0.0,95.68833333333333,0.0
2023-06-02 04:00:00,15.023333333333333,0.0,97.15166666666667,0.0
2023-06-02 05:00:00,14.781666666666666,0.0,91.925,0.0
2023-06-02 06:00:00,15.188333333333333,0.0,86.28833333333334,0.0
2023-06-02 07:00:00,15.083333333333334,0.0,93.51833333333335,0.0
2023-06-02 08:00:00,15.43,0.0,94.51333333333334,0.0
2023-06-02 09:00:00,16.441666666666666,0.0,92.29166666666667,0.0
2023-06-02 10:00:00,16.221666666666668,0.0,94.74499999999999,0.0
2023-06-02 11:00:00,16.418333333333333,0.0,94.01666666666667,0.0
2023-06-02 12:00:00,16.173333333333332,0.0,95.36166666666666,0.0
2023-06-02 13:00:00,16.46,0.0,94.58166666666666,0.0
2023-06-02 14:00:00,18.81833333333333,0.0,82.95333333333333,0.0
2023-06-02 15:00:00,19.901666666666664,0.0,74.57666666666667,0.0
2023-06-02 16:00:00,20.696666666666665,0.0,67.61833333333333,0.0
2023-06-02 17:00:00,20.003333333333334,0.0,80.44833333333332,0.0
2023-06-02 18:00:00,18.188333333333333,0.0,86.83,0.0
2023-06-02 19:00:00,16.205000000000002,0.0,91.66333333333334,0.0
2023-06-02 20:00:00,15.905,0.0,90.95,0.0
2023-06-02 21:00:00,16.29,0.0,89.10833333333333,0.0
2023-06-02 22:00:00,16.301666666666666,0.0,89.81,0.0
2023-06-02 23:00:00,16.17,0.0,89.60666666666665,0.0
2023-06-03 00:00:00,16.048333333333336,0.0,88.32166666666667,0.0
2023-06-03 01:00:00,15.764999999999999,0.0,89.46499999999999,0.0
2023-06-03 02:00:00,15.573333333333332,0.0,89.14166666666667,0.0
2023-06-03 03:00:00,15.011666666666667,0.0,90.71166666666666,0.0
2023-06-03 04:00:00,15.336666666666668,0.0,83.73,0.0
2023-06-03 05:00:00,15.695,0.0,76.895,0.0
2023-06-03 06:00:00,16.285,0.0,70.06833333333334,0.0
2023-06-03 07:00:00,17.706666666666667,0.0,57.39833333333333,0.0
2023-06-03 08:00:00,19.081666666666667,0.0,53.48833333333334,0.0
2023-06-03 09:00:00,19.0,0.0,54.05166666666666,0.0
2023-06-03 10:00:00,19.98166666666667,0.0,47.30833333333333,0.0
2023-06-03 11:00:00,21.055,0.0,42.335,0.0
2023-06-03 12:00:00,21.71333333333333,0.0,40.26,0.0
2023-06-03 13:00:00,22.45,0.0,40.34666666666667,0.0
2023-06-03 14:00:00,22.8,0.0,40.968333333333334,0.0
2023-06-03 15:00:00,22.85666666666667,0.0,42.08833333333334,0.0
2023-06-03 16:00:00,22.615000000000002,0.0,43.20166666666667,0.0
2023-06-03 17:00:00,21.88,0.0,44.608333333333334,0.0
2023-06-03 18:00:00,19.666666666666668,0.0,50.708333333333336,0.0
2023-06-03 19:00:00,18.283333333333335,0.0,49.943333333333335,0.0
2023-06-03 20:00:00,17.565,0.0,58.294999999999995,0.0
2023-06-03 21:00:00,16.601666666666667,0.0,69.31166666666667,0.0
2023-06-03 22:00:00,15.993333333333334,0.0,75.86999999999999,0.0
2023-06-03 23:00:00,17.029999999999998,0.0,65.49833333333333,0.0
2023-06-04 00:00:00,16.891666666666666,0.0,62.51,0.0
2023-06-04 01:00:00,17.975,0.0,48.445,0.0
2023-06-04 02:00:00,16.601666666666667,0.0,64.51166666666667,0.0
2023-06-04 03:00:00,16.16166666666667,0.0,65.71166666666666,0.0
2023-06-04 04:00:00,16.6,0.0,62.16833333333333,0.0
2023-06-04 05:00:00,16.575,0.0,62.093333333333334,0.0
2023-06-04 06:00:00,16.561666666666667,0.0,63.230000000000004,0.0
2023-06-04 07:00:00,18.263333333333332,0.0,46.39833333333333,0.0
2023-06-04 08:00:00,19.148333333333333,0.0,47.67166666666667,0.0
2023-06-04 09:00:00,20.465,0.0,59.525,0.0
2023-06-04 10:00:00,21.571666666666665,0.0,54.47666666666667,0.0
2023-06-04 11:00:00,22.154999999999998,0.0,54.7,0.0
2023-06-04 12:00:00,21.83,0.0,52.22833333333333,0.0
2023-06-04 13:00:00,20.4,0.0,45.08166666666667,0.0
2023-06-04 14:00:00,22.006666666666668,0.0,37.88,0.0
2023-06-04 15:00:00,23.56,0.0,36.09,0.0
2023-06-04 16:00:00,23.21833333333333,0.0,32.07333333333334,0.0
2023-06-04 17:00:00,22.648333333333333,0.0,32.55,0.0
2023-06-04 18:00:00,20.541666666666668,0.0,34.66,0.0
2023-06-04 19:00:00,18.541666666666668,0.0,44.245,0.0
2023-06-04 20:00:00,17.216666666666665,0.0,59.8,0.0
2023-06-04 21:00:00,17.206666666666667,0.0,63.735,0.0
2023-06-04 22:00:00,17.345000000000002,0.0,66.46833333333333,0.0
2023-06-04 23:00:00,17.18,0.0,68.7,0.0
2023-06-05 00:00:00,17.053333333333335,0.0,70.725,0.0
2023-06-05 01:00:00,17.14333333333333,0.0,67.585,0.0
2023-06-05 02:00:00,17.991666666666667,0.0,60.26,0.0
2023-06-05 03:00:00,18.486666666666668,0.0,56.276666666666664,0.0
2023-06-05 04:00:00,18.058333333333334,0.0,58.111666666666665,0.0
2023-06-05 05:00:00,17.041666666666668,0.0,66.00333333333333,0.0
2023-06-05 06:00:00,18.178333333333335,0.0,61.51166666666666,0.0
2023-06-05 07:00:00,18.081666666666667,0.0,66.73,0.0
2023-06-05 08:00:00,17.71333333333333,0.0,78.345,0.0
2023-06-05 09:00:00,17.30666666666667,0.0,84.93833333333333,0.0
2023-06-05 10:00:00,17.958333333333332,0.0,80.68333333333334,0.0
2023-06-05 11:00:00,18.89,0.0,76.14833333333333,0.0
2023-06-05 12:00:00,19.240000000000002,0.0,73.23666666666666,0.0
2023-06-05 13:00:00,19.19333333333333,0.0,71.42333333333333,0.0
2023-06-05 14:00:00,20.401666666666664,0.0,61.651666666666664,0.0
2023-06-05 15:00:00,20.34333333333333,0.0,61.93,0.0
2023-06-05 16:00:00,20.026666666666664,0.0,61.955000000000005,0.0
2023-06-05 17:00:00,19.078333333333333,0.0,65.215,0.0
2023-06-05 18:00:00,17.521666666666665,0.0,73.555,0.0
2023-06-05 19:00:00,16.033333333333335,0.0,81.37333333333332,0.0
2023-06-05 20:00:00,15.738333333333333,0.0,79.695,0.0
2023-06-05 21:00:00,15.333333333333334,0.0,82.44833333333332,0.0
2023-06-05 22:00:00,14.764999999999999,0.0,88.70666666666666,0.0
2023-06-05 23:00:00,14.441666666666666,0.0,92.77833333333334,0.0
2023-06-06 00:00:00,14.243333333333334,0.0,96.10666666666665,0.0
2023-06-06 01:00:00,14.376666666666667,0.0,96.74166666666666,0.0
2023-06-06 02:00:00,14.275,0.0,96.91499999999999,0.0
2023-06-06 03:00:00,14.21,0.0,96.50333333333333,0.0
2023-06-06 04:00:00,13.933333333333334,0.0,96.81,0.0
2023-06-06 05:00:00,13.946666666666665,0.0,96.28999999999999,0.0
2023-06-06 06:00:00,14.143333333333334,0.0,95.775,0.0
2023-06-06 07:00:00,14.788333333333332,0.0,92.27,0.0
2023-06-06 08:00:00,15.465,0.0,89.92333333333333,0.0
2023-06-06 09:00:00,16.823333333333334,0.0,84.08500000000001,0.0
2023-06-06 10:00:00,18.855,0.0,72.80833333333334,0.0
2023-06-06 11:00:00,19.759999999999998,0.0,67.58666666666666,0.0
2023-06-06 12:00:00,20.188333333333333,0.0,66.78833333333334,0.0
2023-06-06 13:00:00,20.703333333333333,0.0,62.016666666666666,0.0
2023-06-06 14:00:00,19.416666666666668,0.0,66.01166666666667,0.0
2023-06-06 15:00:00,18.861666666666668,0.0,65.79,0.0
2023-06-06 16:00:00,19.621666666666666,0.0,64.11999999999999,0.0
2023-06-06 17:00:00,18.478333333333335,0.0,71.71333333333334,0.0
2023-06-06 18:00:00,17.435,0.0,78.50500000000001,0.0
2023-06-06 19:00:00,15.585,0.0,89.50833333333334,0.0
2023-06-06 20:00:00,14.583333333333334,0.0,95.31,0.0
2023-06-06 21:00:00,14.603333333333332,0.0,94.73,0.0
2023-06-06 22:00:00,14.556666666666667,0.0,97.26333333333334,0.0
2023-06-06 23:00:00,14.543333333333333,0.0,98.19,0.0
2023-06-07 00:00:00,14.356666666666666,0.0,98.45166666666667,0.0
2023-06-07 01:00:00,14.298333333333334,0.0,98.91166666666666,0.0
2023-06-07 02:00:00,14.241666666666667,0.0,99.38333333333334,0.0
2023-06-07 03:00:00,14.151666666666667,0.0,99.13000000000001,0.0
2023-06-07 04:00:00,14.275,0.0,98.47333333333333,0.0
2023-06-07 05:00:00,14.461666666666668,0.0,99.16166666666666,0.0
2023-06-07 06:00:00,14.481666666666666,0.0,99.33999999999999,0.0
2023-06-07 07:00:00,14.668333333333333,0.0,99.4,0.0
2023-06-07 08:00:00,14.943333333333333,0.0,99.4,0.0
2023-06-07 09:00:00,15.205,0.0,99.39166666666667,0.0
2023-06-07 10:00:00,16.093333333333334,0.0,96.75,0.0
2023-06-07 11:00:00,16.458333333333332,0.0,94.33500000000001,0.0
2023-06-07 12:00:00,17.403333333333332,0.0,89.71333333333334,0.0
2023-06-07 13:00:00,19.31833333333333,0.0,81.74333333333334,0.0
2023-06-07 14:00:00,20.293333333333333,0.0,78.03666666666666,0.0
2023-06-07 15:00:00,20.98,0.0,76.305,0.0
2023-06-07 16:00:00,21.101666666666667,0.0,77.50333333333333,0.0
2023-06-07 17:00:00,20.651666666666664,0.0,81.185,0.0
2023-06-07 18:00:00,19.265,0.0,88.54833333333333,0.0
2023-06-07 19:00:00,18.90666666666667,0.0,81.175,0.0
2023-06-07 20:00:00,18.761666666666667,0.0,82.41166666666666,0.0
2023-06-07 21:00:00,18.391666666666666,0.0,82.12666666666668,0.0
2023-06-07 22:00:00,18.228333333333335,0.0,74.49666666666667,0.0
2023-06-07 23:00:00,17.983333333333334,0.0,74.55833333333334,0.0
2023-06-08 00:00:00,17.67,0.0,78.05666666666666,0.0
2023-06-08 01:00:00,17.06,0.0,87.23666666666666,0.0
2023-06-08 02:00:00,16.121666666666666,0.0,92.96166666666666,0.0
2023-06-08 03:00:00,15.068333333333333,0.0,98.18666666666667,0.0
2023-06-08 04:00:00,14.553333333333335,0.0,99.4,0.0
2023-06-08 05:00:00,14.441666666666666,0.0,99.4,0.0
2023-06-08 06:00:00,14.430000000000001,0.0,99.4,0.0
2023-06-08 07:00:00,15.113333333333333,0.0,98.61833333333334,0.0
2023-06-08 08:00:00,15.59,0.0,94.57,0.0
2023-06-08 09:00:00,16.656666666666666,0.0,90.09333333333333,0.0
2023-06-08 10:00:00,17.451666666666664,0.0,86.03500000000001,0.0
2023-06-08 11:00:00,16.28,0.0,92.145,0.0
2023-06-08 12:00:00,16.496666666666666,0.0,92.58999999999999,0.0
2023-06-08 13:00:00,16.74,0.0,90.52166666666668,0.0
2023-06-08 14:00:00,16.92,0.0,89.225,0.0
2023-06-08 15:00:00,18.08833333333333,0.0,87.32833333333333,0.0
2023-06-08 16:00:00,19.56833333333333,0.0,80.12166666666667,0.0
2023-06-08 17:00:00,19.456666666666667,0.0,82.57666666666667,0.0
2023-06-08 18:00:00,17.85666666666667,0.0,91.57,0.0
2023-06-08 19:00:00,16.56,0.0,96.76833333333335,0.0
2023-06-08 20:00:00,15.906666666666666,0.0,98.725,0.0
2023-06-08 21:00:00,15.823333333333332,3.0,98.46166666666666,3.0
2023-06-08 22:00:00,15.803333333333335,3.0,98.39833333333333,0.0
2023-06-08 23:00:00,15.92,3.5,99.19666666666667,0.5
2023-06-09 00:00:00,16.125,3.5,99.2,0.0
2023-06-09 01:00:00,16.334999999999997,2.5,99.19666666666667,0.0
2023-06-09 02:00:00,16.271666666666665,3.0,99.19333333333334,0.5
2023-06-09 03:00:00,16.183333333333334,3.5,99.145,0.5
2023-06-09 04:00:00,15.905000000000001,3.5,99.13499999999999,0.0
2023-06-09 05:00:00,15.421666666666665,3.5,99.11166666666666,0.0
2023-06-09 06:00:00,15.33,3.5,99.10333333333332,0.0
2023-06-09 07:00:00,15.738333333333333,3.5,98.76333333333332,0.0
2023-06-09 08:00:00,17.605,3.5,84.735,0.0
2023-06-09 09:00:00,19.748333333333335,3.5,73.015,0.0
2023-06-09 10:00:00,21.516666666666666,3.5,60.83166666666667,0.0
2023-06-09 11:00:00,21.121666666666666,3.5,64.595,0.0
2023-06-09 12:00:00,22.18,3.5,61.3,0.0
2023-06-09 13:00:00,22.441666666666666,3.5,66.98,0.0
2023-06-09 14:00:00,24.015,3.5,51.473333333333336,0.0
2023-06-09 15:00:00,24.685,3.5,38.07,0.0
2023-06-09 16:00:00,24.396666666666665,3.5,38.205000000000005,0.0
2023-06-09 17:00:00,23.288333333333334,3.5,41.47666666666667,0.0
2023-06-09 18:00:00,22.063333333333333,3.5,45.39833333333333,0.0
2023-06-09 19:00:00,21.425,3.5,46.62833333333333,0.0
2023-06-09 20:00:00,21.125,3.5,51.765,0.0
2023-06-09 21:00:00,21.3,3.5,45.335,0.0
2023-06-09 22:00:00,21.341666666666665,3.5,43.626666666666665,0.0
2023-06-09 23:00:00,21.395,3.5,46.82833333333333,0.0
2023-06-10 00:00:00,20.75,3.5,52.715,0.0
2023-06-10 01:00:00,18.496666666666666,0.0,83.55666666666666,0.0
2023-06-10 02:00:00,18.011666666666667,0.0,88.11166666666666,0.0
2023-06-10 03:00:00,17.535,0.0,94.02833333333334,0.0
2023-06-10 04:00:00,17.473333333333336,0.0,97.985,0.0
2023-06-10 05:00:00,17.641666666666666,0.0,96.175,0.0
2023-06-10 06:00:00,17.95,0.0,90.86833333333334,0.0
2023-06-10 07:00:00,18.654999999999998,0.0,86.38833333333334,0.0
2023-06-10 08:00:00,19.55666666666667,0.0,80.60833333333333,0.0
2023-06-10 09:00:00,20.926666666666666,0.0,71.65,0.0
2023-06-10 10:00:00,21.985,0.0,66.42,0.0
2023-06-10 11:00:00,23.123333333333335,0.0,60.27833333333333,0.0
2023-06-10 12:00:00,24.371666666666666,0.0,58.375,0.0
2023-06-10 13:00:00,23.948333333333334,0.0,59.126666666666665,0.0
2023-06-10 14:00:00,23.831666666666667,0.0,59.32,0.0
2023-06-10 15:00:00,23.113333333333333,0.0,62.27166666666667,0.0
2023-06-10 16:00:00,20.418333333333333,0.0,70.68666666666667,0.0
2023-06-10 17:00:00,19.933333333333334,0.0,72.73833333333333,0.0
2023-06-10 18:00:00,18.168333333333333,0.0,79.71000000000001,0.0
2023-06-10 19:00:00,17.436666666666667,0.0,82.06333333333333,0.0
2023-06-10 20:00:00,17.278333333333332,0.0,89.98833333333333,0.0
2023-06-10 21:00:00,17.111666666666668,0.0,89.09166666666667,0.0
2023-06-10 22:00:00,17.308333333333334,0.5,88.40333333333334,0.5
2023-06-10 23:00:00,16.316666666666666,1.0,96.69666666666667,0.5
2023-06-11 00:00:00,16.24,9.0,94.97333333333333,8.0
2023-06-11 01:00:00,15.565,15.0,96.27166666666668,6.0
2023-06-11 02:00:00,16.555,15.0,91.01666666666667,0.0
2023-06-11 03:00:00,16.12,15.0,89.32833333333333,0.0
2023-06-11 04:00:00,15.208333333333334,15.5,96.38833333333334,0.5
2023-06-11 05:00:00,15.103333333333333,15.5,98.08500000000001,0.0
2023-06-11 06:00:00,16.216666666666665,15.5,93.81666666666666,0.0
2023-06-11 07:00:00,16.51,15.5,93.22,0.0
2023-06-11 08:00:00,17.23166666666667,15.5,90.03500000000001,0.0
2023-06-11 09:00:00,17.898333333333333,15.5,87.67666666666668,0.0
2023-06-11 10:00:00,18.746666666666666,15.5,88.82166666666667,0.0
2023-06-11 11:00:00,19.103333333333335,15.5,89.77,0.0
2023-06-11 12:00:00,21.1,15.5,76.42333333333333,0.0
2023-06-11 13:00:00,20.863333333333333,15.5,77.17,0.0
2023-06-11 14:00:00,22.28666666666667,15.5,70.11,0.0
2023-06-11 15:00:00,22.884999999999998,15.5,67.70333333333333,0.0
2023-06-11 16:00:00,23.675,15.5,64.34333333333333,0.0
2023-06-11 17:00:00,22.928333333333335,15.5,66.03833333333334,0.0
2023-06-11 18:00:00,22.341666666666665,15.5,66.52166666666668,0.0
2023-06-11 19:00:00,20.355,15.5,79.28333333333333,0.0
2023-06-11 20:00:00,19.11,15.5,80.86166666666666,0.0
2023-06-11 21:00:00,18.755,15.5,81.46499999999999,0.0
2023-06-11 22:00:00,19.083333333333332,15.5,71.21333333333334,0.0
2023-06-11 23:00:00,19.040000000000003,15.5,70.76166666666667,0.0
2023-06-12 00:00:00,18.89,15.5,67.18833333333333,0.0
2023-06-12 01:00:00,18.738333333333333,0.0,66.00333333333333,0.0
2023-06-12 02:00:00,18.021666666666665,0.0,66.30833333333334,0.0
2023-06-12 03:00:00,17.785,0.0,65.26333333333334,0.0
2023-06-12 04:00:00,17.461666666666666,0.0,65.86333333333333,0.0
2023-06-12 05:00:00,17.106666666666666,0.0,69.69,0.0
2023-06-12 06:00:00,17.95,0.0,64.715,0.0
2023-06-12 07:00:00,18.898333333333333,0.0,63.51166666666666,0.0
2023-06-12 08:00:00,19.46833333333333,0.0,66.63833333333334,0.0
2023-06-12 09:00:00,21.178333333333335,0.0,70.15,0.0
2023-06-12 10:00:00,21.196666666666665,0.0,65.99499999999999,0.0
2023-06-12 11:00:00,22.111666666666668,0.0,64.655,0.0
2023-06-12 12:00:00,22.258333333333333,0.0,66.07833333333333,0.0
2023-06-12 13:00:00,23.046666666666667,0.0,61.233333333333334,0.0
2023-06-12 14:00:00,23.126666666666665,0.0,61.03333333333333,0.0
2023-06-12 15:00:00,20.628333333333334,0.0,69.71166666666666,0.0
2023-06-12 16:00:00,20.09333333333333,0.0,71.3,0.0
2023-06-12 17:00:00,19.248333333333335,0.0,72.01666666666667,0.0
2023-06-12 18:00:00,19.5,0.0,61.84666666666667,0.0
2023-06-12 19:00:00,19.709999999999997,0.0,56.92166666666667,0.0
2023-06-12 20:00:00,18.21333333333333,0.0,82.69166666666666,0.0
2023-06-12 21:00:00,17.921666666666667,0.0,83.78666666666666,0.0
2023-06-12 22:00:00,17.363333333333333,0.0,89.145,0.0
2023-06-12 23:00:00,17.123333333333335,0.0,91.55,0.0
2023-06-13 00:00:00,17.3,0.0,88.88333333333334,0.0
2023-06-13 01:00:00,17.971666666666668,0.0,69.66101694915254,0.0
2023-06-13 02:00:00,17.834999999999997,0.0,74.67166666666667,0.0
2023-06-13 03:00:00,17.703333333333333,0.0,75.64833333333333,0.0
2023-06-13 04:00:00,17.445,0.0,76.07833333333333,0.0
2023-06-13 05:00:00,16.725,0.0,89.25833333333334,0.0
2023-06-13 06:00:00,16.148333333333333,0.0,81.77666666666667,0.0
2023-06-13 07:00:00,16.938333333333333,0.0,74.05833333333334,0.0
2023-06-13 08:00:00,18.43,0.0,66.23,0.0
2023-06-13 09:00:00,19.063333333333333,0.0,69.87833333333333,0.0
2023-06-13 10:00:00,20.293333333333333,0.0,69.21833333333333,0.0
2023-06-13 11:00:00,21.071666666666665,0.0,68.13666666666667,0.0
2023-06-13 12:00:00,21.491666666666667,0.0,65.77833333333334,0.0
2023-06-13 13:00:00,20.956666666666667,0.0,64.43666666666667,0.0
2023-06-13 14:00:00,21.878333333333334,0.0,58.83833333333334,0.0
2023-06-13 15:00:00,21.763333333333332,0.0,57.67333333333333,0.0
2023-06-13 16:00:00,21.57,0.0,59.446666666666665,0.0
2023-06-13 17:00:00,20.53166666666667,0.0,65.11,0.0
2023-06-13 18:00:00,19.675,0.0,71.16000000000001,0.0
2023-06-13 19:00:00,18.166666666666668,0.0,79.695,0.0
2023-06-13 20:00:00,17.134999999999998,0.0,84.055,0.0
2023-06-13 21:00:00,17.166666666666668,0.0,82.26166666666667,0.0
2023-06-13 22:00:00,17.026666666666667,0.0,85.49499999999999,0.0
2023-06-13 23:00:00,16.925,0.0,80.58999999999999,0.0
2023-06-14 00:00:00,16.41166666666667,0.0,90.50666666666666,0.0
2023-06-14 01:00:00,16.348333333333333,0.0,90.72333333333333,0.0
2023-06-14 02:00:00,16.19,0.0,90.37833333333333,0.0
2023-06-14 03:00:00,15.856666666666666,0.0,92.27333333333333,0.0
2023-06-14 04:00:00,15.395000000000001,0.0,98.37833333333333,0.0
2023-06-14 05:00:00,15.335,0.0,97.52833333333334,0.0
2023-06-14 06:00:00,15.426666666666668,0.0,99.37333333333335,0.0
2023-06-14 07:00:00,16.553333333333335,0.0,94.25500000000001,0.0
2023-06-14 08:00:00,17.145,0.0,92.09166666666667,0.0
2023-06-14 09:00:00,17.855,0.0,87.32166666666667,0.0
2023-06-14 10:00:00,18.71333333333333,0.0,81.185,0.0
2023-06-14 11:00:00,18.991666666666667,0.0,78.75333333333333,0.0
2023-06-14 12:00:00,18.858333333333334,0.0,78.87666666666668,0.0
2023-06-14 13:00:00,19.884999999999998,0.0,73.47333333333333,0.0
2023-06-14 14:00:00,20.226666666666667,0.0,73.36166666666666,0.0
2023-06-14 15:00:00,21.728333333333335,0.0,66.85,0.0
2023-06-14 16:00:00,21.023333333333333,0.0,69.07333333333332,0.0
2023-06-14 17:00:00,20.220000000000002,0.0,71.40333333333334,0.0
2023-06-14 18:00:00,19.87,0.0,73.35,0.0
2023-06-14 19:00:00,18.866666666666667,0.0,77.44333333333334,0.0
2023-06-14 20:00:00,17.645,0.0,89.095,0.0
2023-06-14 21:00:00,17.561666666666667,0.0,92.185,0.0
2023-06-14 22:00:00,17.436666666666667,0.0,91.42166666666667,0.0
2023-06-14 23:00:00,17.62,0.0,89.635,0.0
2023-06-15 00:00:00,17.26833333333333,0.0,91.91666666666667,0.0
2023-06-15 01:00:00,16.87666666666667,0.0,96.06666666666666,0.0
2023-06-15 02:00:00,16.741666666666667,0.0,96.69,0.0
2023-06-15 03:00:00,16.856666666666666,0.0,93.22333333333333,0.0
2023-06-15 04:00:00,16.918333333333333,0.0,90.91499999999999,0.0
2023-06-15 05:00:00,17.09333333333333,0.0,88.32,0.0
2023-06-15 06:00:00,17.415000000000003,0.0,90.36999999999999,0.0
2023-06-15 07:00:00,18.466666666666665,0.0,86.59833333333333,0.0
2023-06-15 08:00:00,19.225,0.0,84.22833333333332,0.0
2023-06-15 09:00:00,19.371666666666666,0.0,82.74666666666667,0.0
2023-06-15 10:00:00,19.983333333333334,0.0,80.8,0.0
2023-06-15 11:00:00,19.991666666666667,0.0,82.25500000000001,0.0
2023-06-15 12:00:00,21.388333333333332,0.0,73.21833333333333,0.0
2023-06-15 13:00:00,22.451666666666664,0.0,67.11,0.0
2023-06-15 14:00:00,23.363333333333333,0.0,63.736666666666665,0.0
2023-06-15 15:00:00,23.538333333333334,0.0,66.03333333333333,0.0
2023-06-15 16:00:00,22.96333333333333,0.0,68.55333333333333,0.0
2023-06-15 17:00:00,22.565,0.0,68.92166666666667,0.0
2023-06-15 18:00:00,21.21333333333333,0.0,73.65166666666667,0.0
2023-06-15 19:00:00,19.733333333333334,0.0,78.70333333333333,0.0
2023-06-15 20:00:00,18.526666666666664,0.0,80.855,0.0
2023-06-15 21:00:00,18.021666666666665,0.0,73.10333333333332,0.0
2023-06-15 22:00:00,18.035,0.0,68.035,0.0
2023-06-15 23:00:00,18.490000000000002,0.0,68.48666666666666,0.0
2023-06-16 00:00:00,18.723333333333336,0.0,73.08500000000001,0.0
2023-06-16 01:00:00,18.43,0.0,78.17166666666667,0.0
2023-06-16 02:00:00,18.2,0.0,84.37833333333333,0.0
2023-06-16 03:00:00,18.348333333333336,0.0,82.02166666666668,0.0
2023-06-16 04:00:00,18.605,0.0,74.525,0.0
2023-06-16 05:00:00,18.51833333333333,0.0,79.09333333333333,0.0
2023-06-16 06:00:00,18.12,0.0,76.21666666666667,0.0
2023-06-16 07:00:00,18.898333333333333,0.0,69.425,0.0
2023-06-16 08:00:00,19.990000000000002,0.0,63.18,0.0
2023-06-16 09:00:00,21.30666666666667,0.0,68.24,0.0
2023-06-16 10:00:00,22.698333333333334,0.0,61.28333333333333,0.0
2023-06-16 11:00:00,23.211666666666666,0.0,62.845,0.0
2023-06-16 12:00:00,23.865000000000002,0.0,59.255,0.0
2023-06-16 13:00:00,24.373333333333335,0.0,56.945,0.0
2023-06-16 14:00:00,25.485,0.0,55.68666666666666,0.0
2023-06-16 15:00:00,25.391666666666666,0.0,55.995,0.0
2023-06-16 16:00:00,25.1,0.0,53.115,0.0
2023-06-16 17:00:00,24.634999999999998,0.0,50.07333333333334,0.0
2023-06-16 18:00:00,23.78666666666667,0.0,50.068333333333335,0.0
2023-06-16 19:00:00,21.955,0.0,53.358333333333334,0.0
2023-06-16 20:00:00,20.779999999999998,0.0,54.833333333333336,0.0
2023-06-16 21:00:00,21.6,0.0,41.483333333333334,0.0
2023-06-16 22:00:00,21.083333333333332,0.0,45.515,0.0
2023-06-16 23:00:00,20.92,0.0,45.480000000000004,0.0
2023-06-17 00:00:00,20.779999999999998,0.0,45.47833333333333,0.0
2023-06-17 01:00:00,20.220000000000002,0.0,48.4,0.0
2023-06-17 02:00:00,19.709999999999997,0.0,52.15333333333333,0.0
2023-06-17 03:00:00,19.211666666666666,0.0,55.236666666666665,0.0
2023-06-17 04:00:00,19.196666666666665,0.0,57.43833333333334,0.0
2023-06-17 05:00:00,18.981666666666666,0.0,53.24333333333333,0.0
2023-06-17 06:00:00,19.178333333333335,0.0,49.94833333333334,0.0
2023-06-17 07:00:00,20.521666666666665,0.0,50.65833333333333,0.0
2023-06-17 08:00:00,21.59333333333333,0.0,48.97,0.0
2023-06-17 09:00:00,23.046666666666667,0.0,46.05166666666666,0.0
2023-06-17 10:00:00,24.496666666666666,0.0,47.56666666666667,0.0
2023-06-17 11:00:00,24.736666666666668,0.0,45.288333333333334,0.0
2023-06-17 12:00:00,25.011666666666667,0.0,49.61833333333333,0.0
2023-06-17 13:00:00,26.09,0.0,50.475,0.0
2023-06-17 14:00:00,26.511666666666667,0.0,42.67666666666666,0.0
2023-06-17 15:00:00,26.486666666666668,0.0,43.51,0.0
2023-06-17 16:00:00,24.253333333333334,0.0,50.88166666666667,0.0
2023-06-17 17:00:00,22.39,0.0,50.14833333333333,0.0
2023-06-17 18:00:00,21.883333333333333,0.0,41.01833333333333,0.0
2023-06-17 19:00:00,20.998333333333335,0.0,48.72,0.0
2023-06-17 20:00:00,20.796666666666667,0.0,55.269999999999996,0.0
2023-06-17 21:00:00,20.634999999999998,0.0,55.09166666666667,0.0
2023-06-17 22:00:00,20.8,0.0,53.57166666666667,0.0
2023-06-17 23:00:00,20.540000000000003,0.0,47.05166666666666,0.0
2023-06-18 00:00:00,20.608333333333334,0.0,56.34166666666667,0.0
2023-06-18 01:00:00,20.373333333333335,0.0,64.04,0.0
2023-06-18 02:00:00,20.211666666666666,0.0,71.59333333333333,0.0
2023-06-18 03:00:00,19.673333333333336,0.0,83.11666666666666,0.0
2023-06-18 04:00:00,19.276666666666667,0.0,85.41666666666667,0.0
2023-06-18 05:00:00,19.82,0.0,76.64333333333335,0.0
2023-06-18 06:00:00,20.15,0.0,69.79666666666667,0.0
2023-06-18 07:00:00,20.95,0.0,62.093333333333334,0.0
2023-06-18 08:00:00,22.355,0.0,58.711666666666666,0.0
2023-06-18 09:00:00,23.091666666666665,0.0,51.416666666666664,0.0
2023-06-18 10:00:00,23.05,0.0,53.06166666666666,0.0
2023-06-18 11:00:00,25.084999999999997,0.0,38.70666666666667,0.0
2023-06-18 12:00:00,25.94,0.0,43.919999999999995,0.0
2023-06-18 13:00:00,26.69333333333333,0.0,47.19666666666667,0.0
2023-06-18 14:00:00,28.69,0.0,44.013333333333335,0.0
2023-06-18 15:00:00,28.91166666666667,0.0,49.013333333333335,0.0
2023-06-18 16:00:00,27.675,0.0,55.955000000000005,0.0
2023-06-18 17:00:00,26.23,0.0,58.638333333333335,0.0
2023-06-18 18:00:00,25.173333333333336,0.0,60.99333333333333,0.0
2023-06-18 19:00:00,24.59,0.0,63.016666666666666,0.0
2023-06-18 20:00:00,24.448333333333334,0.0,65.52166666666668,0.0
2023-06-18 21:00:00,24.7,0.0,65.09,0.0
2023-06-18 22:00:00,25.151666666666664,0.0,64.36,0.0
2023-06-18 23:00:00,24.548333333333336,0.0,71.475,0.0
2023-06-19 00:00:00,23.801666666666666,0.0,75.79666666666667,0.0
2023-06-19 01:00:00,23.03166666666667,0.0,71.24166666666666,0.0
2023-06-19 02:00:00,22.71333333333333,0.0,74.095,0.0
2023-06-19 03:00:00,22.256666666666668,0.0,73.60333333333332,0.0
2023-06-19 04:00:00,22.15666666666667,0.0,72.075,0.0
2023-06-19 05:00:00,22.898333333333333,0.0,68.8,0.0
2023-06-19 06:00:00,23.158333333333335,0.0,69.075,0.0
2023-06-19 07:00:00,24.025,0.0,67.69333333333333,0.0
2023-06-19 08:00:00,25.233333333333334,0.0,63.32333333333334,0.0
2023-06-19 09:00:00,26.183333333333334,0.0,62.29,0.0
2023-06-19 10:00:00,27.121666666666666,0.0,59.46,0.0
2023-06-19 11:00:00,27.916666666666668,0.0,55.306666666666665,0.0
2023-06-19 12:00:00,28.728333333333335,0.0,52.28333333333333,0.0
2023-06-19 13:00:00,29.118333333333332,0.0,48.93333333333333,0.0
2023-06-19 14:00:00,28.868333333333332,0.0,50.468333333333334,0.0
2023-06-19 15:00:00,29.081666666666667,0.0,51.81333333333334,0.0
2023-06-19 16:00:00,28.71833333333333,0.0,52.975,0.0
2023-06-19 17:00:00,28.28166666666667,0.0,54.763333333333335,0.0
2023-06-19 18:00:00,27.10666666666667,0.0,63.026666666666664,0.0
2023-06-19 19:00:00,25.761666666666667,0.0,66.10333333333332,0.0
2023-06-19 20:00:00,25.091666666666665,0.0,68.96499999999999,0.0
2023-06-19 21:00:00,25.084999999999997,0.0,68.87166666666667,0.0
2023-06-19 22:00:00,24.538333333333334,0.0,69.41166666666666,0.0
2023-06-19 23:00:00,23.816666666666666,0.0,70.76166666666667,0.0
2023-06-20 00:00:00,23.096666666666668,0.0,71.93166666666666,0.0
2023-06-20 01:00:00,22.378333333333334,0.0,71.935,0.0
2023-06-20 02:00:00,21.55666666666667,0.0,76.21000000000001,0.0
2023-06-20 03:00:00,20.975,0.0,70.84666666666666,0.0
2023-06-20 04:00:00,20.805,0.0,64.27166666666668,0.0
2023-06-20 05:00:00,20.959999999999997,0.0,63.02833333333333,0.0
2023-06-20 06:00:00,20.796666666666667,0.0,63.48166666666667,0.0
2023-06-20 07:00:00,20.386666666666667,0.0,64.95,0.0
2023-06-20 08:00:00,20.970000000000002,0.0,59.735,0.0
2023-06-20 09:00:00,20.918333333333333,0.0,63.336666666666666,0.0
2023-06-20 10:00:00,21.103333333333335,0.0,62.735,0.0
2023-06-20 11:00:00,20.583333333333332,0.0,60.745,0.0
2023-06-20 12:00:00,20.033333333333335,0.0,61.165,0.0
2023-06-20 13:00:00,19.71333333333333,0.0,65.51166666666667,0.0
2023-06-20 14:00:00,20.27,0.0,63.580000000000005,0.0
2023-06-20 15:00:00,20.331666666666667,0.0,65.54,0.0
2023-06-20 16:00:00,20.915000000000003,0.0,62.595,0.0
2023-06-20 17:00:00,21.086666666666666,0.0,63.28333333333333,0.0
2023-06-20 18:00:00,20.44333333333333,0.0,69.04333333333334,0.0
2023-06-20 19:00:00,20.365000000000002,0.0,71.51833333333335,0.0
2023-06-20 20:00:00,20.39333333333333,0.0,69.56666666666666,0.0
2023-06-20 21:00:00,19.81,0.5,73.55166666666668,0.5
2023-06-20 22:00:00,18.41,3.5,82.68166666666666,3.0
2023-06-20 23:00:00,16.726666666666667,17.0,97.87666666666668,13.5
2023-06-21 00:00:00,16.42,17.5,99.2,0.5
2023-06-21 01:00:00,16.203333333333333,6.0,99.2,0.0
2023-06-21 02:00:00,15.97,10.0,99.2,4.0
2023-06-21 03:00:00,15.746666666666666,22.0,99.2,12.0
2023-06-21 04:00:00,15.91,24.5,99.2,2.5
2023-06-21 05:00:00,16.065,25.5,99.2,1.0
2023-06-21 06:00:00,16.278333333333332,27.0,99.2,1.5
2023-06-21 07:00:00,16.643333333333334,28.0,99.2,1.0
2023-06-21 08:00:00,16.821666666666665,28.0,99.2,0.0
2023-06-21 09:00:00,16.898333333333333,28.0,99.2,0.0
2023-06-21 10:00:00,17.345000000000002,28.5,99.2,0.5
2023-06-21 11:00:00,17.85,28.5,99.19666666666667,0.0
2023-06-21 12:00:00,18.438333333333333,29.0,99.195,0.5
2023-06-21 13:00:00,18.145,30.0,99.175,1.0
2023-06-21 14:00:00,18.026666666666664,30.5,99.16333333333334,0.5
2023-06-21 15:00:00,17.945,30.5,99.145,0.0
2023-06-21 16:00:00,17.86,30.5,99.12666666666665,0.0
2023-06-21 17:00:00,17.875,30.5,99.12666666666665,0.0
2023-06-21 18:00:00,17.678333333333335,30.5,99.11833333333333,0.0
2023-06-21 19:00:00,17.495,30.5,99.12833333333333,0.0
2023-06-21 20:00:00,17.451666666666664,30.5,99.115,0.0
2023-06-21 21:00:00,17.041666666666668,30.5,99.12333333333332,0.0
2023-06-21 22:00:00,16.59,31.0,99.10666666666665,0.5
2023-06-21 23:00:00,16.33833333333333,31.0,98.06333333333333,0.0
2023-06-22 00:00:00,16.366666666666667,31.0,93.54833333333333,0.0
2023-06-22 01:00:00,16.975,0.0,80.36166666666666,0.0
2023-06-22 02:00:00,16.713333333333335,0.0,81.24833333333332,0.0
2023-06-22 03:00:00,16.2,0.0,86.92166666666667,0.0
2023-06-22 04:00:00,16.185,0.0,87.65333333333334,0.0
2023-06-22 05:00:00,15.958333333333334,0.0,91.81166666666667,0.0
2023-06-22 06:00:00,15.74,0.0,91.86,0.0
2023-06-22 07:00:00,16.331666666666667,0.0,93.30833333333334,0.0
2023-06-22 08:00:00,17.73,0.0,87.54666666666667,0.0
2023-06-22 09:00:00,19.238333333333333,0.0,80.06333333333333,0.0
2023-06-22 10:00:00,20.176666666666666,0.0,75.33666666666666,0.0
2023-06-22 11:00:00,20.558333333333334,0.0,76.695,0.0
2023-06-22 12:00:00,20.515,0.0,78.76166666666667,0.0
2023-06-22 13:00:00,21.348333333333336,0.0,77.22,0.0
2023-06-22 14:00:00,21.4,0.0,77.43333333333334,0.0
2023-06-22 15:00:00,22.071666666666665,0.0,75.48833333333333,0.0
2023-06-22 16:00:00,20.595000000000002,0.0,81.27833333333334,0.0
2023-06-22 17:00:00,19.435,0.0,88.08500000000001,0.0
2023-06-22 18:00:00,18.495,0.0,90.3,0.0
2023-06-22 19:00:00,19.358333333333334,0.0,88.14,0.0
2023-06-22 20:00:00,19.23166666666667,0.0,92.24,0.0
2023-06-22 21:00:00,19.209999999999997,0.0,89.52,0.0
2023-06-22 22:00:00,20.084999999999997,0.0,76.03,0.0
2023-06-22 23:00:00,19.94333333333333,0.0,77.13333333333334,0.0
2023-06-23 00:00:00,19.779999999999998,0.0,78.99,0.0
2023-06-23 01:00:00,19.575,0.0,82.95666666666666,0.0
2023-06-23 02:00:00,19.703333333333333,0.0,83.19833333333332,0.0
2023-06-23 03:00:00,19.516666666666666,0.0,84.47,0.0
2023-06-23 04:00:00,19.098333333333336,0.0,85.25,0.0
2023-06-23 05:00:00,18.35,0.0,92.84833333333333,0.0
2023-06-23 06:00:00,17.545,0.0,99.3,0.0
2023-06-23 07:00:00,17.675,0.0,99.30333333333333,0.0
2023-06-23 08:00:00,17.983333333333334,0.0,99.37333333333335,0.0
2023-06-23 09:00:00,18.39,0.0,99.4,0.0
2023-06-23 10:00:00,19.45,0.0,96.47666666666667,0.0
2023-06-23 11:00:00,21.946666666666665,0.0,82.98833333333333,0.0
2023-06-23 12:00:00,22.775,0.0,79.30833333333334,0.0
2023-06-23 13:00:00,22.736666666666668,0.0,79.48333333333333,0.0
2023-06-23 14:00:00,24.898333333333333,0.0,68.43833333333333,0.0
2023-06-23 15:00:00,25.345000000000002,0.0,61.888333333333335,0.0
2023-06-23 16:00:00,25.795,0.0,65.56,0.0
2023-06-23 17:00:00,25.31833333333333,0.0,71.07,0.0
2023-06-23 18:00:00,24.48,0.0,76.31166666666667,0.0
2023-06-23 19:00:00,22.970000000000002,0.0,82.03666666666666,0.0
2023-06-23 20:00:00,22.15,0.0,85.60666666666665,0.0
2023-06-23 21:00:00,22.008333333333333,0.0,85.47166666666666,0.0
2023-06-23 22:00:00,21.821666666666665,0.0,84.36666666666666,0.0
2023-06-23 23:00:00,21.553333333333335,0.0,87.34166666666667,0.0
2023-06-24 00:00:00,21.483333333333334,0.0,83.99,0.0
2023-06-24 01:00:00,21.491666666666667,0.0,79.885,0.0
2023-06-24 02:00:00,21.509999999999998,0.0,80.02333333333333,0.0
2023-06-24 03:00:00,20.970000000000002,0.0,81.44166666666666,0.0
2023-06-24 04:00:00,20.138333333333332,0.0,87.19,0.0
2023-06-24 05:00:00,19.623333333333335,0.0,91.71166666666666,0.0
2023-06-24 06:00:00,19.66166666666667,0.0,93.47333333333333,0.0
2023-06-24 07:00:00,20.233333333333334,0.0,92.08166666666666,0.0
2023-06-24 08:00:00,21.363333333333333,0.0,89.02166666666668,0.0
2023-06-24 09:00:00,23.086666666666666,0.0,82.605,0.0
2023-06-24 10:00:00,24.509999999999998,0.0,77.26333333333334,0.0
2023-06-24 11:00:00,26.055,0.0,70.575,0.0
2023-06-24 12:00:00,25.105,0.0,72.55666666666666,0.0
2023-06-24 13:00:00,25.733333333333334,0.0,70.04333333333334,0.0
2023-06-24 14:00:00,26.793333333333333,0.0,66.895,0.0
2023-06-24 15:00:00,26.4,0.0,67.36999999999999,0.0
2023-06-24 16:00:00,27.35666666666667,0.0,62.230000000000004,0.0
2023-06-24 17:00:00,26.336666666666666,0.0,66.955,0.0
2023-06-24 18:00:00,25.521666666666665,0.0,70.33999999999999,0.0
2023-06-24 19:00:00,23.815,0.0,77.81166666666667,0.0
2023-06-24 20:00:00,22.828333333333333,0.0,85.93166666666666,0.0
2023-06-24 21:00:00,22.673333333333336,0.0,87.28500000000001,0.0
2023-06-24 22:00:00,22.545,0.0,81.55166666666668,0.0
2023-06-24 23:00:00,22.39333333333333,0.0,82.83166666666666,0.0
2023-06-25 00:00:00,23.185000000000002,0.0,82.23166666666665,0.0
2023-06-25 01:00:00,22.814999999999998,0.0,79.46833333333333,0.0
2023-06-25 02:00:00,22.69333333333333,0.0,76.36666666666666,0.0
2023-06-25 03:00:00,22.18,0.0,77.645,0.0
2023-06-25 04:00:00,21.529999999999998,0.0,81.98166666666665,0.0
2023-06-25 05:00:00,21.401666666666664,0.0,80.705,0.0
2023-06-25 06:00:00,22.145,0.0,76.575,0.0
2023-06-25 07:00:00,22.961666666666666,0.0,82.40833333333333,0.0
2023-06-25 08:00:00,23.375,0.0,85.60333333333332,0.0
2023-06-25 09:00:00,24.851666666666667,0.0,79.56666666666666,0.0
2023-06-25 10:00:00,26.53666666666667,0.0,72.19833333333332,0.0
2023-06-25 11:00:00,27.208333333333332,0.0,67.85833333333333,0.0
2023-06-25 12:00:00,27.813333333333333,0.0,63.28833333333333,0.0
2023-06-25 13:00:00,27.738333333333333,0.0,62.02833333333333,0.0
2023-06-25 14:00:00,28.08833333333333,0.0,59.07166666666667,0.0
2023-06-25 15:00:00,28.206666666666667,0.0,57.80833333333333,0.0
2023-06-25 16:00:00,27.651666666666664,0.0,60.79333333333333,0.0
2023-06-25 17:00:00,26.336666666666666,0.0,68.19166666666666,0.0
2023-06-25 18:00:00,26.03166666666667,0.0,68.69166666666666,0.0
2023-06-25 19:00:00,25.103333333333335,0.0,66.71166666666666,0.0
2023-06-25 20:00:00,24.63,0.0,66.60333333333332,0.0
2023-06-25 21:00:00,23.883333333333333,0.0,68.80666666666666,0.0
2023-06-25 22:00:00,23.436666666666667,0.0,72.42333333333333,0.0
2023-06-25 23:00:00,22.95,0.0,75.46166666666666,0.0
2023-06-26 00:00:00,22.30666666666667,0.0,77.04333333333334,0.0
2023-06-26 01:00:00,21.836666666666666,0.0,75.14,0.0
2023-06-26 02:00:00,21.353333333333335,0.0,75.885,0.0
2023-06-26 03:00:00,20.453333333333333,0.0,83.60333333333332,0.0
2023-06-26 04:00:00,18.721666666666668,3.0,97.65,3.0
2023-06-26 05:00:00,18.678333333333335,15.0,99.4,12.0
2023-06-26 06:00:00,19.025,17.0,99.4,2.0
2023-06-26 07:00:00,19.391666666666666,17.5,99.4,0.5
2023-06-26 08:00:00,19.721666666666668,18.0,99.4,0.5
2023-06-26 09:00:00,19.983333333333334,18.0,99.4,0.0
2023-06-26 10:00:00,20.259999999999998,18.0,99.4,0.0
2023-06-26 11:00:00,20.365,18.0,99.4,0.0
2023-06-26 12:00:00,20.389999999999997,18.0,99.4,0.0
2023-06-26 13:00:00,20.546666666666667,23.0,99.4,5.0
2023-06-26 14:00:00,20.89333333333333,25.0,99.4,2.0
2023-06-26 15:00:00,21.243333333333332,25.0,99.4,0.0
2023-06-26 16:00:00,21.445,25.0,99.4,0.0
2023-06-26 17:00:00,21.03666666666667,25.0,99.4,0.0
2023-06-26 18:00:00,20.861666666666668,25.5,99.4,0.5
2023-06-26 19:00:00,21.083333333333332,28.0,99.4,2.5
2023-06-26 20:00:00,21.086666666666666,29.5,99.4,1.5
2023-06-26 21:00:00,21.17,39.0,99.4,9.5
2023-06-26 22:00:00,21.025,42.0,99.39833333333334,3.0
2023-06-26 23:00:00,20.618333333333332,42.0,99.39500000000001,0.0
2023-06-27 00:00:00,20.325,42.0,99.39333333333335,0.0
2023-06-27 01:00:00,20.205,3.5,99.39000000000001,0.0
2023-06-27 02:00:00,18.558333333333334,4.0,99.37333333333335,0.5
2023-06-27 03:00:00,18.395,4.0,99.36166666666666,0.0
2023-06-27 04:00:00,18.298333333333336,4.0,99.33500000000001,0.0
2023-06-27 05:00:00,18.001666666666665,4.5,99.32833333333333,0.5
2023-06-27 06:00:00,17.93,4.5,99.315,0.0
2023-06-27 07:00:00,17.883333333333333,4.5,99.32833333333333,0.0
2023-06-27 08:00:00,18.078333333333333,4.5,99.345,0.0
2023-06-27 09:00:00,19.228333333333335,4.5,99.06500000000001,0.0
2023-06-27 10:00:00,20.80666666666667,4.5,89.56666666666666,0.0
2023-06-27 11:00:00,21.990000000000002,4.5,81.615,0.0
2023-06-27 12:00:00,23.265,4.5,72.73666666666666,0.0
2023-06-27 13:00:00,24.498333333333335,4.5,66.76833333333333,0.0
2023-06-27 14:00:00,24.80666666666667,4.5,63.541666666666664,0.0
2023-06-27 15:00:00,23.876666666666665,4.5,69.64,0.0
2023-06-27 16:00:00,24.253333333333334,4.5,67.75333333333334,0.0
2023-06-27 17:00:00,24.458333333333332,4.5,60.52166666666667,0.0
2023-06-27 18:00:00,25.043333333333333,4.5,61.17833333333333,0.0
2023-06-27 19:00:00,23.701666666666664,4.5,67.10333333333332,0.0
2023-06-27 20:00:00,22.263333333333332,4.5,76.98833333333333,0.0
2023-06-27 21:00:00,21.795,4.5,85.60666666666665,0.0
2023-06-27 22:00:00,21.081666666666667,4.5,96.42333333333333,0.0
2023-06-27 23:00:00,20.831666666666663,4.5,99.405,0.0
2023-06-28 00:00:00,20.346666666666668,4.5,99.41333333333334,0.0
2023-06-28 01:00:00,20.255,0.0,99.42666666666668,0.0
2023-06-28 02:00:00,20.176666666666666,0.0,99.41333333333334,0.0
2023-06-28 03:00:00,20.341666666666665,0.0,99.43333333333334,0.0
2023-06-28 04:00:00,20.196666666666665,0.0,99.44000000000001,0.0
2023-06-28 05:00:00,19.683333333333334,0.0,99.435,0.0
2023-06-28 06:00:00,19.796666666666667,0.0,99.445,0.0
2023-06-28 07:00:00,20.458333333333332,0.0,93.81666666666666,0.0
2023-06-28 08:00:00,21.105,0.0,90.19,0.0
2023-06-28 09:00:00,22.398333333333333,0.0,86.94833333333332,0.0
2023-06-28 10:00:00,22.85666666666667,0.0,84.55166666666668,0.0
2023-06-28 11:00:00,24.025,0.0,79.675,0.0
2023-06-28 12:00:00,24.67,0.0,78.31166666666667,0.0
2023-06-28 13:00:00,25.311666666666667,0.0,76.80333333333333,0.0
2023-06-28 14:00:00,25.748333333333335,0.0,75.58,0.0
2023-06-28 15:00:00,25.240000000000002,0.0,77.47333333333333,0.0
2023-06-28 16:00:00,23.796666666666667,0.0,86.71333333333334,0.0
2023-06-28 17:00:00,22.43,0.0,94.44666666666667,0.0
2023-06-28 18:00:00,21.716666666666665,0.0,98.38333333333334,0.0
2023-06-28 19:00:00,21.60166666666667,0.0,98.90333333333335,0.0
2023-06-28 20:00:00,21.60166666666667,0.0,98.9,0.0
2023-06-28 21:00:00,21.654999999999998,0.0,98.9,0.0
2023-06-28 22:00:00,21.83,0.0,98.9,0.0
2023-06-28 23:00:00,21.973333333333336,0.0,98.9,0.0
2023-06-29 00:00:00,22.1,0.0,98.9,0.0
2023-06-29 01:00:00,22.01833333333333,0.5,98.9,0.5
2023-06-29 02:00:00,21.945,0.5,98.9,0.0
2023-06-29 03:00:00,21.828333333333333,1.0,98.9,0.5
2023-06-29 04:00:00,21.688333333333333,1.0,98.9,0.0
2023-06-29 05:00:00,21.751666666666665,1.5,98.89833333333334,0.5
2023-06-29 06:00:00,21.8,1.5,98.89833333333334,0.0
2023-06-29 07:00:00,21.671666666666667,1.5,98.9,0.0
2023-06-29 08:00:00,21.595000000000002,3.0,98.9,1.5
2023-06-29 09:00:00,21.505,6.0,98.9,3.0
2023-06-29 10:00:00,21.441666666666666,19.5,98.89833333333334,13.5
2023-06-29 11:00:00,20.763333333333332,30.0,98.9,10.5
2023-06-29 12:00:00,21.64,34.5,98.9,4.5
2023-06-29 13:00:00,21.55666666666667,40.5,98.9,6.0
2023-06-29 14:00:00,20.7,51.5,98.9,11.0
2023-06-29 15:00:00,20.25,70.0,98.9,18.5
2023-06-29 16:00:00,20.758333333333333,71.0,98.9,1.0
2023-06-29 17:00:00,21.15,71.5,98.9,0.5
2023-06-29 18:00:00,21.39833333333333,72.0,98.9,0.5
2023-06-29 19:00:00,21.313333333333333,72.5,98.9,0.5
2023-06-29 20:00:00,21.145,73.0,98.9,0.5
2023-06-29 21:00:00,21.041666666666668,73.0,98.9,0.0
2023-06-29 22:00:00,21.035000000000004,73.5,98.9,0.5
2023-06-29 23:00:00,21.068333333333335,73.5,98.9,0.0
2023-06-30 00:00:00,21.111666666666668,73.5,98.9,0.0
2023-06-30 01:00:00,21.115000000000002,0.5,98.9,0.0
2023-06-30 02:00:00,21.098333333333336,0.5,98.9,0.0
2023-06-30 03:00:00,21.025,0.5,98.9,0.0
2023-06-30 04:00:00,21.046666666666667,1.0,98.9,0.5
2023-06-30 05:00:00,21.003333333333334,1.0,98.9,0.0
2023-06-30 06:00:00,21.051666666666666,1.5,98.9,0.5
2023-06-30 07:00:00,21.131666666666668,1.5,98.9,0.0
2023-06-30 08:00:00,21.316666666666666,1.5,99.00166666666668,0.0
2023-06-30 09:00:00,22.153333333333332,1.5,99.11666666666666,0.0
2023-06-30 10:00:00,22.678333333333335,1.5,99.12166666666667,0.0
2023-06-30 11:00:00,23.209999999999997,1.5,95.765,0.0
2023-06-30 12:00:00,22.803333333333335,1.5,95.31333333333333,0.0
2023-06-30 13:00:00,23.908333333333335,1.5,91.13333333333334,0.0
2023-06-30 14:00:00,24.398333333333333,1.5,89.85166666666667,0.0
2023-06-30 15:00:00,24.526666666666664,1.5,88.83666666666666,0.0
2023-06-30 16:00:00,24.06,1.5,90.695,0.0
2023-06-30 17:00:00,23.805,1.5,91.46166666666666,0.0
2023-06-30 18:00:00,23.93166666666667,1.5,90.26833333333335,0.0
2023-06-30 19:00:00,23.39,1.5,91.26166666666667,0.0
2023-06-30 20:00:00,22.85666666666667,1.5,93.72333333333333,0.0
2023-06-30 21:00:00,23.038333333333334,1.5,93.11166666666666,0.0
2023-06-30 22:00:00,23.075,1.5,92.30666666666666,0.0
2023-06-30 23:00:00,22.455,1.5,91.38166666666666,0.0
2023-07-01 00:00:00,22.5,1.5,89.6,0.0
