,호선,역명,06시이전,06-07시간대,07-08시간대,08-09시간대,09-10시간대,10-11시간대,11-12시간대,12-13시간대,13-14시간대,14-15시간대,15-16시간대,16-17시간대,17-18시간대,18-19시간대,19-20시간대,20-21시간대,21-22시간대,22-23시간대,23-24시간대,24시이후,붐비는 시간대
0,1호선,동대문,227.27,323.48,420.87,685.19,1014.03,1342.86,1640.79,1886.49,1911.82,1908.86,1840.25,1739.88,1537.02,1244.12,1053.34,868.78,753.77,616.69,395.06,57.23,13-14시간대
1,1호선,동묘앞,105.84,217.88,285.65,517.88,915.13,1551.36,2223.63,2582.36,2850.84,3006.25,2815.26,2307.32,1673.53,1022.16,516.51,337.54,299.88,263.72,159.26,56.77,14-15시간대
2,1호선,서울역,468.67,1452.19,1792.09,2725.65,3955.42,4285.74,4818.3,5758.23,5612.88,4875.93,5728.56,5876.17,6068.68,5202.64,4693.67,3865.85,3754.68,2644.69,1168.69,72.23,17-18시간대
3,1호선,시청,151.5,573.29,579.33,950.56,1230.96,1415.72,1922.96,2121.87,2279.48,2397.67,2587.48,2774.51,2544.51,2115.01,1561.03,1404.69,1095.4,731.58,298.63,38.12,16-17시간대
4,1호선,신설동,247.46,371.11,465.42,733.78,946.97,1165.72,1259.91,1379.74,1425.44,1415.95,1409.92,1447.48,1358.12,1183.39,804.83,677.19,671.89,523.91,366.44,60.56,16-17시간대
5,1호선,제기동,179.37,371.17,545.0,866.06,1302.65,1850.73,2316.62,2740.11,2873.08,2790.14,2631.42,2395.18,1888.16,1288.73,918.43,684.58,531.89,405.28,249.39,32.27,13-14시간대
6,1호선,종각,216.3,429.23,604.91,1031.07,1568.9,1658.37,2346.51,2704.81,2821.47,2844.16,3022.43,3391.34,3389.84,2833.88,2211.07,2052.63,1968.5,1563.53,723.33,24.14,16-17시간대
7,1호선,종로3가,234.81,409.34,457.9,885.17,1535.2,2010.96,2954.24,3653.92,3712.59,3768.44,3648.31,3758.89,3454.37,2767.5,2129.52,1752.96,1613.81,1308.38,634.48,80.73,14-15시간대
8,1호선,종로5가,103.68,297.11,472.85,802.3,1294.86,1945.59,2749.43,3232.34,3415.04,3360.4,3207.19,3080.12,2838.87,2188.25,1572.59,1137.88,991.9,583.25,231.41,29.09,13-14시간대
9,1호선,청량리(서울시립대입구),351.08,749.76,746.62,1200.83,1612.08,2057.96,2430.75,2696.92,2844.27,2926.84,2932.22,2932.43,2476.6,1954.3,1346.58,1110.88,936.94,658.17,385.05,64.54,16-17시간대
10,2호선,강남,682.53,1300.59,1315.48,2656.5,4756.3,4282.2,4886.14,6041.59,6913.96,6558.42,6886.95,7776.21,8090.27,6855.35,5162.96,4993.96,5355.49,5154.09,2794.19,40.11,17-18시간대
11,2호선,강변(동서울터미널),253.44,1114.15,1332.34,2227.85,2975.03,3390.24,3555.96,3707.58,3785.03,3792.07,4013.5,4258.79,4347.91,3884.94,3363.81,2957.12,2397.24,1867.35,931.96,11.66,17-18시간대
12,2호선,건대입구,588.66,877.06,937.73,1575.59,2266.31,2391.97,3102.08,3771.65,4241.5,4343.08,4669.42,5353.56,5829.97,5553.65,4656.86,4363.73,4438.32,4275.04,2553.53,115.17,17-18시간대
13,2호선,교대(법원.검찰청),191.88,732.14,817.87,1269.5,1906.96,1649.04,1911.49,2115.0,2315.9,2212.68,2063.47,2264.06,2428.87,2026.89,1597.03,1580.26,1574.15,1314.31,630.72,16.5,17-18시간대
14,2호선,구로디지털단지,970.81,1320.0,1656.29,2830.45,3325.13,3324.62,3426.01,3812.1,4071.06,3967.45,3998.3,4494.76,4760.96,4235.27,3447.04,3210.57,3352.0,2869.82,1820.61,50.8,17-18시간대
15,2호선,구의(광진구청),296.07,784.69,774.94,1283.43,1616.86,1592.15,1687.19,1877.29,1929.35,1875.63,1971.68,2199.84,2198.35,1960.72,1604.62,1505.83,1540.37,1329.81,820.25,15.81,16-17시간대
16,2호선,낙성대(강감찬),291.23,683.9,890.31,1596.58,2169.04,2229.65,2326.19,2661.36,2706.41,2588.58,2613.32,2797.45,2809.93,2516.96,2032.6,1919.05,1961.04,1796.96,1152.57,30.39,17-18시간대
17,2호선,당산,220.68,489.88,549.26,915.5,1174.46,1268.87,1389.82,1577.49,1624.91,1564.98,1644.92,1828.71,1841.86,1633.71,1334.65,1253.77,1248.3,1102.12,763.65,35.29,17-18시간대
18,2호선,대림(구로구청),811.1,847.82,1062.91,1905.05,2254.19,2355.77,2461.02,2371.91,2339.95,2246.38,2336.3,2627.64,2657.59,2198.19,1786.19,1567.88,1768.96,1445.75,813.06,47.65,17-18시간대
19,2호선,도림천,18.44,40.77,54.45,85.6,82.04,98.22,95.02,112.41,98.81,106.46,98.36,108.0,96.58,81.8,63.09,50.31,51.89,38.37,30.66,1.81,12-13시간대
20,2호선,동대문역사문화공원(DDP),122.35,248.95,390.14,693.08,919.69,1216.31,1595.19,1767.81,1862.73,2003.46,2037.01,2080.71,2021.19,1741.21,1446.27,1227.67,1187.09,905.46,560.32,33.34,16-17시간대
21,2호선,뚝섬,111.27,408.96,421.15,722.53,1010.27,1321.01,1678.71,2012.92,2231.33,2252.12,2494.05,2637.75,2626.7,2196.74,1743.09,1517.76,1356.54,943.74,437.58,15.48,16-17시간대
22,2호선,문래,136.23,390.45,461.1,809.35,1047.79,1253.69,1349.42,1616.17,1725.29,1657.27,1696.58,1882.16,1890.04,1539.7,1189.7,1083.73,1121.96,940.28,551.76,19.04,17-18시간대
23,2호선,방배,118.37,358.28,385.57,745.46,1124.59,1054.16,1124.45,1323.99,1359.72,1305.32,1238.5,1339.87,1378.42,1165.05,880.19,794.54,791.26,694.14,397.22,6.06,17-18시간대
24,2호선,봉천,376.94,648.36,828.66,1445.81,1830.09,1807.68,1867.77,2100.43,2063.78,1995.43,1994.8,2156.83,2165.21,1964.85,1581.12,1439.03,1515.74,1254.23,751.65,75.59,17-18시간대
25,2호선,사당,384.92,1662.18,1388.06,1847.81,2702.43,2893.98,3430.34,3833.29,3919.46,4000.1,4268.88,4872.88,5121.95,4535.91,3852.77,3764.45,3912.35,3465.69,2043.53,108.41,17-18시간대
26,2호선,삼성(무역센터),191.61,808.31,1069.8,1864.47,2682.54,3059.45,3717.51,4176.62,4928.53,4918.02,4976.22,5558.95,5258.48,4453.67,3239.0,3295.23,2711.12,1684.37,493.31,219.42,16-17시간대
27,2호선,상왕십리,145.77,350.01,437.67,806.22,1007.02,1046.68,1058.43,1210.47,1208.82,1203.42,1206.0,1289.08,1333.09,1149.96,906.65,805.02,818.48,680.2,435.54,5.83,17-18시간대
28,2호선,서울대입구(관악구청),649.26,1074.6,1374.96,2453.4,3414.73,3488.65,3717.44,4287.98,4633.83,4336.02,4357.81,4797.57,4966.61,4577.72,3641.03,3329.87,3510.92,3199.44,1946.43,568.81,17-18시간대
29,2호선,서초,165.07,639.88,881.4,997.35,1935.92,1208.5,2318.71,1536.49,2097.45,1782.24,1566.27,1828.78,1516.99,1219.0,1072.24,863.06,878.73,644.0,281.01,4.52,11-12시간대
30,2호선,선릉,226.73,860.24,880.04,1423.87,1996.54,2148.33,2213.17,2786.41,2934.21,2641.42,2615.34,2834.76,2877.01,2565.34,1847.04,1653.47,1666.0,1686.11,660.78,38.89,13-14시간대
31,2호선,성수,193.05,634.35,678.8,1123.77,1408.52,1761.43,2365.67,2943.52,3340.12,3529.5,3780.84,4042.84,4059.02,3432.55,2665.18,2400.42,2193.82,1651.96,952.17,145.13,17-18시간대
32,2호선,시청,63.51,290.91,329.95,561.58,773.36,948.98,1225.95,1427.62,1534.44,1699.31,1807.5,1898.63,1931.58,1506.71,1163.56,986.36,796.79,572.73,270.81,34.54,17-18시간대
33,2호선,신답,28.55,41.83,58.65,91.65,107.58,120.14,117.87,135.04,135.65,138.36,143.23,163.8,151.52,135.22,108.75,93.32,96.81,86.98,62.2,3.83,16-17시간대
34,2호선,신당,175.09,371.25,486.66,804.61,1001.73,1129.98,1323.2,1522.44,1600.06,1576.35,1587.12,1729.71,1766.07,1496.48,1138.28,974.21,929.05,800.24,499.58,12.58,17-18시간대
35,2호선,신대방,591.53,861.57,1103.5,1920.49,2263.75,2177.44,2076.33,2192.97,2269.23,2173.82,2283.48,2517.22,2558.6,2296.49,1931.11,1790.05,2018.81,1648.39,1106.77,34.57,17-18시간대
36,2호선,신도림,907.13,1220.65,1422.9,2396.76,3043.65,4101.12,4499.13,5152.8,5518.24,5290.25,5486.09,5887.5,5914.23,4940.23,3941.97,3558.48,3604.5,2966.0,2135.21,403.53,17-18시간대
37,2호선,신림,1029.65,1856.35,2186.78,3557.0,4519.72,4418.25,4645.13,5219.31,5378.13,5289.18,5454.24,5947.82,6303.0,5994.17,5085.9,4686.66,4862.76,4195.23,2910.33,157.42,17-18시간대
38,2호선,신설동,43.9,74.3,117.5,209.97,338.19,516.26,570.55,627.57,656.3,650.34,634.25,568.19,487.0,450.12,227.14,181.09,179.2,137.34,93.92,16.19,13-14시간대
39,2호선,신정네거리,206.88,288.65,425.55,697.3,814.3,817.39,833.04,910.29,925.36,869.21,899.92,993.2,979.47,913.06,725.93,623.22,583.14,534.42,343.42,4.1,16-17시간대
40,2호선,신촌,396.67,646.43,796.19,1476.13,2415.59,2696.31,3242.4,4101.63,4399.22,4242.55,4289.27,4617.28,4914.17,4470.04,3509.88,3430.61,3345.81,3268.9,1869.28,28.08,17-18시간대
41,2호선,아현,127.58,311.65,364.82,628.74,770.12,844.48,848.78,982.07,983.22,935.73,947.51,1018.35,1012.03,849.3,675.81,611.11,587.36,496.58,323.99,10.15,16-17시간대
42,2호선,양천구청,133.73,175.52,283.56,480.1,547.99,521.72,532.59,582.49,587.96,539.66,567.13,620.39,646.65,539.19,431.89,374.3,373.9,328.5,230.13,3.31,17-18시간대
43,2호선,역삼,187.21,662.21,819.87,1322.15,1864.48,1968.98,1985.81,2366.14,2546.35,2332.72,2337.53,2476.82,2458.36,2048.98,1520.27,1468.54,1436.53,1124.66,536.13,11.01,13-14시간대
44,2호선,영등포구청,222.91,471.79,487.2,879.12,1102.88,1317.84,1420.6,1691.02,1749.12,1671.34,1639.18,1761.22,1741.05,1475.9,1149.0,1016.08,982.87,813.63,528.31,37.14,16-17시간대
45,2호선,왕십리(성동구청),216.1,338.0,397.12,739.52,924.71,1016.8,1274.35,1514.39,1582.65,1557.49,1601.05,1753.27,1886.65,1767.92,1369.83,1264.94,1281.07,1241.92,805.98,24.56,17-18시간대
46,2호선,용답,64.13,88.15,118.09,197.87,220.7,237.1,247.84,261.88,278.58,281.79,296.3,323.02,328.12,284.42,202.28,199.67,206.29,180.11,145.41,5.26,17-18시간대
47,2호선,용두(동대문구청),28.18,45.84,76.22,119.42,167.2,198.96,222.87,237.26,252.73,249.85,250.19,241.87,232.88,196.5,139.5,114.29,116.16,82.35,54.6,5.78,13-14시간대
48,2호선,을지로3가,79.54,378.76,400.35,763.55,885.76,1125.39,1381.72,1520.11,1652.59,1685.82,1728.65,1943.02,2009.81,1783.49,1376.74,1255.58,1246.2,1158.89,689.58,20.96,17-18시간대
49,2호선,을지로4가,58.24,250.05,288.37,485.48,592.19,787.38,1016.5,1109.88,1156.82,1173.46,1168.03,1179.58,1116.88,897.73,656.87,527.9,459.31,370.12,229.43,8.65,16-17시간대
50,2호선,을지로입구,142.39,493.56,669.03,1494.46,2353.4,2283.45,3036.23,3100.71,3379.8,3569.36,3748.88,4121.43,4234.31,4038.65,3098.0,3254.52,2130.96,1733.69,804.98,245.81,17-18시간대
51,2호선,이대,122.47,296.7,384.56,721.45,989.83,1187.6,1252.39,1541.6,1582.96,1518.75,1532.96,1647.96,1633.96,1364.27,1072.69,1013.73,964.39,915.76,608.56,15.2,16-17시간대
52,2호선,잠실(송파구청),413.98,1583.88,1955.33,3614.18,5717.08,5954.99,7260.55,8125.04,8894.08,9268.22,10031.73,10990.78,10954.07,9762.33,8178.81,8559.12,8016.48,5640.3,2231.19,64.71,16-17시간대
53,2호선,잠실나루,105.81,311.62,415.35,627.26,787.04,821.88,910.05,1017.64,1050.73,1010.88,1044.98,1095.16,1091.12,841.92,656.39,605.37,554.11,500.96,311.95,6.46,16-17시간대
54,2호선,잠실새내,159.47,444.31,610.9,1074.89,1577.9,1560.81,1888.56,2147.4,2319.17,2230.34,2383.0,2534.45,2622.04,2298.13,1821.58,1675.65,1657.92,1590.77,926.19,11.01,17-18시간대
55,2호선,종합운동장,77.04,416.5,490.29,624.47,780.0,1002.11,1097.93,1685.73,2276.58,1777.01,2244.97,3344.75,3106.73,1613.81,1190.4,1902.3,1865.81,2163.9,523.0,16.97,16-17시간대
56,2호선,충정로(경기대입구),107.65,255.01,250.42,445.31,551.52,666.85,678.19,793.54,850.44,794.47,787.79,834.19,800.89,680.48,505.02,415.42,401.6,340.24,242.08,14.08,13-14시간대
57,2호선,한양대,49.88,141.68,160.43,431.06,465.87,447.04,548.35,658.28,640.09,649.59,708.72,671.73,626.33,617.55,375.96,335.7,327.81,340.8,239.77,5.26,15-16시간대
58,2호선,합정,462.41,670.15,758.12,1244.5,1918.15,2465.37,3124.42,3780.93,4222.96,4067.65,4303.39,4770.45,5013.65,4341.57,3543.13,3264.37,3285.19,2931.48,1744.95,98.96,17-18시간대
59,2호선,홍대입구,1669.06,1475.13,1254.54,1927.22,3326.65,4540.61,6713.49,8646.39,9597.88,9937.68,10591.53,11465.33,12009.91,11031.47,9335.95,8728.77,8999.65,8278.35,4651.32,409.42,17-18시간대
60,3호선,가락시장,75.49,224.81,279.43,445.16,556.49,659.23,720.4,779.58,807.51,777.95,821.93,844.66,822.54,700.35,501.12,487.58,426.67,323.83,202.58,23.5,16-17시간대
61,3호선,경복궁(정부서울청사),84.46,323.48,516.47,1333.01,2417.24,2706.94,3062.95,3312.17,3675.32,3848.8,3775.47,3757.11,3476.43,2638.94,1789.81,1543.41,1359.02,882.82,353.04,23.99,14-15시간대
62,3호선,경찰병원,66.55,165.9,245.5,397.33,450.08,438.06,451.41,500.95,524.35,475.75,482.05,513.54,537.09,464.03,340.14,342.83,319.12,260.18,168.5,16.11,17-18시간대
63,3호선,고속터미널,284.4,1222.42,1715.31,2680.81,4487.9,5157.58,6277.84,6877.74,7416.0,8037.41,8552.84,8929.79,8742.01,7853.11,6641.78,6596.1,4648.41,2937.1,1211.86,22.52,16-17시간대
64,3호선,교대(법원.검찰청),55.64,190.19,285.89,337.15,504.32,482.95,565.77,706.74,757.65,735.58,720.43,786.15,841.01,746.27,619.28,589.65,553.57,486.44,197.89,4.58,17-18시간대
65,3호선,구파발,234.93,525.78,851.64,1475.28,1898.63,1960.02,1886.75,2031.81,2069.45,2079.64,2127.71,2274.35,2134.23,1885.26,1452.58,1238.9,1125.96,968.12,693.04,82.16,16-17시간대
66,3호선,금호,119.85,231.38,293.55,492.24,630.45,655.54,667.63,705.59,745.44,703.08,713.32,761.1,802.04,665.49,533.58,487.99,434.35,371.24,206.95,2.58,17-18시간대
67,3호선,남부터미널(예술의전당),96.02,678.54,900.23,1410.74,1970.88,2384.52,2531.92,2848.15,3203.74,3066.11,3033.87,3390.43,3256.56,2831.17,2407.18,1871.74,1449.39,1191.38,466.07,12.77,16-17시간대
68,3호선,녹번,221.9,394.48,603.66,937.72,1177.61,1185.62,1136.35,1216.76,1196.27,1144.74,1152.86,1249.05,1234.16,1138.9,910.19,816.1,781.35,678.19,398.79,20.14,16-17시간대
69,3호선,대청,99.97,240.57,325.26,509.65,621.68,655.13,659.88,727.28,761.35,717.74,744.11,790.65,805.5,700.09,532.01,493.32,462.16,423.48,238.92,20.91,17-18시간대
70,3호선,대치,82.73,352.78,459.41,820.46,897.94,816.47,874.12,1227.97,1428.25,1045.06,1018.15,1074.71,1590.88,1105.53,660.51,565.29,692.43,965.05,223.42,8.53,17-18시간대
71,3호선,도곡,28.98,132.19,166.57,290.4,332.02,346.72,408.73,430.04,472.68,431.27,439.78,440.39,421.89,338.15,244.42,230.42,207.05,191.83,101.03,35.39,13-14시간대
72,3호선,독립문,139.78,198.7,283.15,515.31,961.58,1039.6,859.6,938.02,970.62,938.72,907.29,889.15,801.98,593.56,426.7,354.1,306.09,257.92,156.91,82.42,10-11시간대
73,3호선,동대입구,73.76,300.28,380.42,850.29,970.91,921.01,1102.53,1025.1,1148.63,1188.85,1165.85,1286.8,1276.34,1216.73,735.84,663.12,699.94,484.08,172.78,11.19,16-17시간대
74,3호선,매봉,57.48,254.3,263.72,485.61,649.04,644.58,711.22,776.67,812.66,782.31,796.12,851.44,863.73,693.19,530.4,500.35,521.17,382.14,188.0,13.02,17-18시간대
75,3호선,무악재,49.91,119.25,144.02,256.83,337.35,365.96,353.42,369.39,371.17,353.82,366.17,394.32,402.33,328.6,259.57,221.1,219.91,192.58,129.27,3.04,17-18시간대
76,3호선,불광,222.42,440.11,638.14,1216.37,1765.5,1707.61,1586.55,1739.84,1856.57,1824.71,1851.4,1954.33,1882.67,1588.8,1288.09,1051.09,960.53,761.41,442.68,45.53,16-17시간대
77,3호선,수서,164.2,522.29,806.67,1234.09,1610.96,1843.71,1454.59,1942.02,1833.11,1497.07,1968.79,2079.6,2100.78,1836.06,1443.99,1419.12,1219.48,1096.25,415.64,41.65,17-18시간대
78,3호선,신사,216.77,597.38,548.35,895.44,1932.52,2054.44,2347.04,2677.15,2995.16,3008.32,3108.73,3546.54,3460.96,2779.15,2161.42,2008.13,2085.0,1709.47,822.7,6.19,16-17시간대
79,3호선,안국,75.14,279.55,446.38,941.48,1610.17,2180.95,2836.56,3230.98,3504.83,3834.43,3859.37,3935.76,3644.88,2827.8,1916.63,1549.97,1208.84,692.53,236.29,20.42,16-17시간대
80,3호선,압구정,138.86,672.2,768.4,1727.35,2958.19,2696.21,2921.21,3021.19,3247.49,3163.53,3138.95,3435.65,3378.5,2749.42,2066.43,2229.14,1733.37,1144.75,421.2,43.58,16-17시간대
81,3호선,약수,179.42,319.5,399.48,728.35,920.97,977.5,1025.37,1162.49,1185.58,1169.3,1156.57,1242.1,1269.65,1148.78,888.48,785.88,781.23,657.09,378.1,80.3,17-18시간대
82,3호선,양재(서초구청),164.9,1050.5,1089.28,1636.65,1988.96,2186.57,2325.85,2524.07,2922.95,2635.48,2619.93,2934.52,2840.86,2502.86,1995.57,1956.61,1755.58,1265.16,593.13,42.38,16-17시간대
83,3호선,연신내,617.06,1083.7,1417.09,2296.7,2945.91,3013.21,3016.87,3390.04,3405.84,3351.95,3440.08,3730.68,3762.76,3396.98,2896.09,2396.54,2427.2,2036.99,1249.15,83.92,17-18시간대
84,3호선,오금,79.94,168.64,219.31,383.95,436.48,452.57,396.98,473.58,492.76,428.0,435.82,484.98,499.62,414.35,319.81,289.82,302.32,270.11,182.88,26.59,17-18시간대
85,3호선,옥수,94.99,254.95,317.82,525.31,723.58,714.23,830.89,875.2,928.74,933.87,967.94,1001.84,1084.83,902.73,695.33,633.19,569.98,450.84,267.76,19.58,17-18시간대
86,3호선,을지로3가,36.7,137.36,185.03,347.55,402.15,518.85,620.37,703.12,750.78,776.63,804.42,903.53,946.65,845.05,630.19,529.9,506.06,430.31,255.99,6.58,17-18시간대
87,3호선,일원,67.17,269.58,390.64,512.94,588.6,665.67,666.06,762.73,722.47,684.17,699.0,724.46,663.73,534.01,383.15,327.77,324.01,304.59,146.13,12.73,12-13시간대
88,3호선,잠원,49.63,192.19,168.27,290.79,363.53,328.85,405.73,423.96,444.35,410.35,428.57,471.92,475.06,374.14,265.34,239.73,248.81,228.35,121.25,2.08,17-18시간대
89,3호선,종로3가,56.7,107.35,149.44,314.33,531.85,738.61,944.5,1054.02,1137.63,1162.65,1111.28,1167.81,1145.41,1017.58,811.2,622.81,626.81,515.06,259.12,23.01,16-17시간대
90,3호선,지축,57.86,219.54,235.8,344.04,430.18,419.25,457.74,462.72,478.07,463.35,505.72,554.82,516.27,443.0,372.07,336.81,308.42,238.15,159.18,2.83,16-17시간대
91,3호선,충무로,0.0,0.0,0.0,0.0,0.0,0.0,0.0,0.0,0.0,0.0,0.0,0.0,0.0,0.0,0.0,0.0,0.0,0.0,0.0,0.0,06시이전
92,3호선,학여울,20.35,59.81,77.64,162.81,327.89,383.44,369.76,452.63,499.25,482.34,466.35,428.2,353.06,228.35,113.7,92.88,83.71,64.35,39.75,2.38,13-14시간대
93,3호선,홍제,249.79,524.43,728.22,1134.47,1415.51,1520.79,1515.42,1719.01,1676.13,1636.65,1681.38,1791.93,1750.96,1509.73,1213.98,1015.01,1000.88,798.01,463.58,9.27,16-17시간대
94,4호선,길음,263.99,551.92,745.88,1301.58,1578.89,1643.15,1667.13,1893.59,2013.15,1847.35,1810.67,1983.04,2060.42,1775.66,1357.68,1222.62,1179.8,1068.52,647.71,5.12,17-18시간대
95,4호선,남태령,14.25,31.65,56.68,136.39,135.98,133.19,137.99,144.21,135.95,125.04,118.33,135.25,129.63,98.14,71.75,82.09,48.12,36.49,21.3,6.82,12-13시간대
96,4호선,노원,278.51,535.91,645.84,1221.48,1570.32,1589.0,1648.59,2008.78,2127.86,2092.29,2107.48,2338.42,2471.37,2334.04,1874.38,1733.76,1601.22,1348.85,843.66,103.64,17-18시간대
97,4호선,당고개,171.27,333.29,464.41,743.25,1036.81,962.16,842.52,880.81,914.89,888.27,902.43,938.26,953.38,851.86,684.19,582.13,537.88,461.65,307.12,37.89,09-10시간대
98,4호선,동대문,91.87,251.71,423.26,686.26,994.61,1429.84,1855.88,2082.08,2157.34,2270.55,2234.25,2086.52,1860.58,1373.84,1098.83,904.08,908.97,533.79,294.58,16.75,14-15시간대
99,4호선,동대문역사문화공원(DDP),109.42,308.34,396.47,617.19,879.38,1202.05,1455.87,1653.27,1770.69,1946.16,2014.73,2074.2,2009.74,1795.47,1575.58,1288.39,1208.65,890.75,516.79,37.35,16-17시간대
100,4호선,동작(현충원),13.3,79.26,106.08,148.59,195.54,198.91,212.41,207.9,214.96,239.01,246.97,262.15,250.58,223.0,170.07,191.88,121.48,80.77,52.06,14.04,16-17시간대
101,4호선,명동,72.96,411.35,555.15,971.33,1648.91,2237.09,2894.41,3274.65,3462.82,3515.89,3671.11,3880.01,3803.22,3362.65,2742.5,2412.78,2022.38,1479.61,581.69,34.3,16-17시간대
102,4호선,미아(서울사이버대학),301.01,486.62,649.06,1086.76,1191.96,1258.19,1215.72,1361.51,1350.74,1275.27,1287.7,1391.65,1432.8,1258.12,1004.75,864.27,859.18,694.1,433.73,4.69,17-18시간대
103,4호선,미아사거리,380.9,752.08,1006.27,1740.2,2274.76,2280.82,2366.36,2636.35,2764.0,2728.59,2822.15,2978.86,2999.91,2655.23,2171.77,2066.48,1728.88,1383.2,805.79,6.42,17-18시간대
104,4호선,사당,281.56,1028.85,925.77,1321.5,1905.87,2133.27,2527.76,2822.07,2720.69,2645.56,2728.69,3001.73,3102.1,2759.08,2160.68,2088.47,2075.33,1772.31,970.24,112.42,17-18시간대
105,4호선,삼각지,35.99,135.73,179.73,235.58,351.69,457.81,563.12,701.07,723.27,717.04,757.37,860.77,879.86,745.86,545.89,506.34,484.23,433.01,259.58,18.42,17-18시간대
106,4호선,상계,290.32,579.85,803.35,1331.13,1631.82,1617.54,1538.91,1699.22,1714.1,1609.21,1627.16,1779.43,1814.19,1617.33,1274.54,1100.01,1110.8,989.66,626.59,15.02,17-18시간대
107,4호선,서울역,146.7,566.46,567.97,785.06,1179.64,1156.33,1306.4,1625.66,1547.09,1468.44,1568.69,1684.16,1853.36,1541.45,1347.35,1136.08,1037.99,748.92,402.77,68.03,17-18시간대
108,4호선,성신여대입구(돈암),188.36,456.12,599.53,1047.23,1394.62,1501.96,1688.62,2042.28,2209.65,2126.22,2164.05,2339.38,2514.82,2237.91,1824.5,1627.33,1666.51,1534.36,877.31,9.27,17-18시간대
109,4호선,수유(강북구청),557.41,1100.58,1436.18,2305.14,2719.61,2733.14,2737.86,3047.1,3201.1,3107.26,3201.09,3567.04,3644.51,3474.83,2845.71,2512.08,2537.65,2210.9,1369.79,20.15,17-18시간대
110,4호선,숙대입구(갈월),84.13,256.33,357.7,732.04,921.42,1073.74,1132.67,1467.82,1378.47,1370.88,1317.77,1531.35,1556.98,1398.13,1050.25,1051.22,931.49,816.72,437.12,4.84,17-18시간대
111,4호선,신용산,65.73,275.28,435.03,702.2,995.87,1163.09,1420.76,1652.65,1812.96,1792.33,1989.91,2167.44,2206.4,1778.57,1407.36,1364.77,1270.38,876.28,400.6,4.57,17-18시간대
112,4호선,쌍문,511.93,950.21,1272.46,2014.64,2327.84,2351.42,2310.35,2485.72,2475.05,2346.62,2357.1,2576.3,2591.62,2404.66,1986.18,1794.45,1768.09,1536.96,988.44,42.32,17-18시간대
113,4호선,이촌(국립중앙박물관),55.35,227.49,272.33,551.03,932.07,1061.68,1121.04,1383.11,1552.92,1547.89,1602.96,1663.03,1581.73,1239.7,710.59,577.19,512.1,317.31,164.28,4.34,16-17시간대
114,4호선,창동,454.81,731.96,992.35,1655.38,2046.12,2315.67,2201.55,2507.35,2678.49,2655.52,2701.28,2838.93,2837.87,2761.81,1951.88,1650.71,1588.39,1302.2,813.84,142.03,16-17시간대
115,4호선,총신대입구(이수),169.73,451.65,587.4,1030.76,1492.7,1622.56,1697.87,1938.42,2046.12,1956.93,1986.19,2163.27,2184.86,1960.98,1452.66,1278.07,1198.78,984.63,556.66,29.89,17-18시간대
116,4호선,충무로,165.32,439.95,567.27,984.11,1204.41,1435.47,1723.44,1872.88,2077.9,2061.2,2065.84,2131.61,2170.48,1769.3,1311.22,1185.56,1097.08,974.45,601.58,31.35,17-18시간대
117,4호선,한성대입구(삼선교),170.45,347.74,451.63,814.88,1138.89,1212.23,1280.63,1412.43,1507.98,1432.4,1424.03,1509.68,1503.39,1238.61,970.04,891.54,855.76,724.98,435.78,256.29,16-17시간대
118,4호선,혜화,167.16,557.18,668.5,1080.65,1617.33,2156.65,3100.76,4208.91,5398.48,4940.07,4691.58,5412.17,5793.43,4299.92,3458.77,3818.72,3938.59,2847.36,1226.23,65.0,17-18시간대
119,4호선,회현(남대문시장),59.73,364.59,488.88,901.42,2008.21,2133.03,2583.69,2687.28,2855.73,3027.59,3008.7,2955.19,2596.9,2235.72,1379.17,1456.78,628.03,365.38,161.13,18.57,14-15시간대
120,5호선,강동,267.87,521.86,711.37,1095.78,1256.53,1383.73,1458.51,1628.88,1707.23,1590.03,1613.35,1675.64,1660.12,1398.9,1122.5,1007.44,951.83,852.05,545.11,115.75,13-14시간대
121,5호선,강일,65.78,144.58,214.77,330.85,383.92,417.8,386.57,420.26,386.95,395.28,421.49,413.14,432.25,358.3,301.68,270.13,242.5,244.35,138.03,1.44,17-18시간대
122,5호선,개롱,89.21,171.54,239.0,402.81,494.42,490.67,498.75,536.52,595.45,524.73,514.5,594.14,564.08,487.46,405.73,313.73,341.98,311.97,158.35,19.55,13-14시간대
123,5호선,개화산,105.03,201.94,245.45,377.09,417.56,417.2,427.26,468.89,450.36,431.52,447.17,476.61,485.42,427.62,334.99,295.43,288.65,251.24,150.23,25.09,17-18시간대
124,5호선,거여,148.34,278.76,391.02,628.16,724.9,707.42,718.62,733.35,817.35,712.16,734.48,841.65,794.36,735.82,578.25,478.0,529.09,436.95,244.73,56.64,16-17시간대
125,5호선,고덕,110.75,227.54,321.06,507.37,635.48,692.81,700.99,796.28,884.42,779.93,849.13,882.0,824.85,781.62,546.3,495.9,494.96,400.18,236.19,52.73,13-14시간대
126,5호선,공덕,68.18,202.99,271.62,501.82,650.22,727.62,833.22,977.45,978.3,956.58,967.64,1041.11,1090.46,907.23,697.2,646.76,654.02,541.43,301.09,6.43,17-18시간대
127,5호선,광나루(장신대),164.42,421.04,552.35,923.51,1248.43,1361.71,1228.29,1329.04,1385.27,1358.05,1355.85,1505.46,1420.86,1185.35,864.57,903.56,873.83,640.09,330.08,27.54,16-17시간대
128,5호선,광화문(세종문화회관),61.15,518.1,567.14,996.26,1388.67,1780.35,2327.79,2758.47,3080.2,3223.02,3259.61,3501.36,3362.21,2775.96,1932.08,1733.39,1558.12,991.57,323.41,39.72,16-17시간대
129,5호선,군자(능동),173.36,358.89,419.51,662.0,790.78,811.24,883.02,1037.13,1130.04,1083.75,1110.1,1247.94,1340.91,1191.69,971.42,884.92,882.23,760.83,525.13,129.63,17-18시간대
130,5호선,굽은다리(강동구민회관앞),159.58,269.88,403.58,662.59,745.28,797.35,835.79,893.54,964.12,891.88,883.61,966.89,897.85,867.79,689.5,553.96,631.88,502.79,252.67,65.58,16-17시간대
131,5호선,길동,117.8,239.98,336.48,501.36,614.81,651.8,692.52,781.41,766.66,760.49,733.07,819.65,807.94,721.23,586.53,480.67,472.28,406.36,191.96,61.63,16-17시간대
132,5호선,김포공항,79.43,294.73,303.91,472.26,593.52,772.69,1021.19,1103.48,1214.25,1286.03,1328.66,1324.58,1278.5,1133.9,844.07,662.73,576.5,481.2,166.88,9.01,15-16시간대
133,5호선,까치산,581.37,891.04,1172.12,1889.47,2231.14,2127.0,2219.42,2438.99,2427.92,2341.36,2400.05,2658.83,2670.65,2475.27,2045.42,1893.02,1942.5,1558.21,1025.06,106.96,17-18시간대
134,5호선,답십리,218.22,451.3,580.66,988.44,1140.29,1184.61,1183.72,1311.96,1382.25,1257.08,1314.69,1413.63,1392.82,1160.26,933.12,798.64,792.73,691.27,412.42,21.1,16-17시간대
135,5호선,동대문역사문화공원(DDP),12.58,49.3,74.28,129.24,122.63,144.36,171.55,176.84,168.69,178.63,188.27,202.81,217.0,167.36,125.04,115.49,114.16,101.34,62.09,5.33,17-18시간대
136,5호선,둔촌동,105.43,272.06,307.26,514.33,621.6,684.26,715.42,799.42,886.17,802.07,850.43,876.8,885.78,786.66,571.7,501.76,468.49,378.74,226.57,1.31,13-14시간대
137,5호선,마곡,96.2,216.96,270.69,458.04,583.68,571.37,629.84,720.57,753.84,727.54,724.41,815.26,760.96,642.52,495.77,435.16,412.4,352.99,189.93,16.19,16-17시간대
138,5호선,마장,69.51,163.62,215.46,347.45,425.28,459.35,467.33,526.09,512.41,490.5,502.77,521.15,532.44,465.42,358.95,301.39,292.04,246.96,154.35,6.51,17-18시간대
139,5호선,마천,146.18,244.48,352.48,541.66,662.8,642.81,552.94,590.53,610.91,546.56,603.66,623.28,620.67,569.81,424.66,394.67,381.24,303.29,209.65,50.22,09-10시간대
140,5호선,마포,86.05,275.47,331.69,579.08,734.25,757.47,880.5,1000.17,983.24,926.62,929.42,1065.71,1128.71,949.41,751.4,706.01,725.56,564.78,297.89,5.16,17-18시간대
141,5호선,명일,134.42,250.75,353.65,633.58,658.26,888.11,772.23,840.84,865.38,769.04,795.51,859.81,759.03,783.11,566.96,481.58,509.46,390.34,253.24,56.63,10-11시간대
142,5호선,목동,208.2,370.01,551.99,962.2,1134.1,1150.46,1166.8,1344.73,1426.37,1313.79,1341.99,1466.83,1538.12,1409.75,1087.89,967.47,1005.96,890.04,479.69,49.88,17-18시간대
143,5호선,미사,144.09,375.65,607.64,982.92,1252.1,1313.17,1370.19,1525.47,1508.92,1565.4,1527.57,1723.74,1763.27,1521.04,1401.4,1237.96,1184.17,1092.21,650.69,7.41,17-18시간대
144,5호선,발산,125.49,390.41,519.65,869.02,1153.0,1266.53,1582.05,1826.7,1960.17,1947.87,2011.15,2094.27,2018.58,1778.42,1405.35,1200.58,1177.21,1040.4,476.61,27.48,16-17시간대
145,5호선,방이,74.07,191.22,225.16,406.89,616.14,601.43,552.19,729.88,765.14,691.46,641.23,705.5,765.15,626.77,484.07,408.67,440.14,439.87,170.5,1.59,17-18시간대
146,5호선,방화,114.71,242.61,281.46,437.15,532.04,537.13,557.14,597.48,612.42,594.83,609.73,626.58,593.67,555.69,430.55,374.26,345.12,328.7,179.49,39.76,16-17시간대
147,5호선,상일동,206.82,357.2,586.92,835.42,990.88,1028.69,985.68,1118.3,1082.77,1019.27,1138.83,1119.98,1223.77,1082.87,790.09,768.14,704.87,598.04,453.14,156.09,17-18시간대
148,5호선,서대문,84.66,254.53,423.12,714.64,838.02,882.3,956.04,1098.41,1110.31,1042.04,997.35,1126.69,1052.21,832.62,605.73,561.2,535.23,445.35,230.27,15.44,16-17시간대
149,5호선,송정,110.16,216.8,278.33,453.74,533.62,561.05,556.61,582.06,587.05,561.46,587.94,642.99,630.9,594.58,467.2,419.24,414.68,354.62,204.01,18.42,16-17시간대
150,5호선,신금호,74.09,161.83,239.04,377.67,458.23,479.62,473.73,529.84,550.17,511.55,525.54,571.34,593.36,505.19,398.32,354.64,332.95,291.1,185.7,12.92,17-18시간대
151,5호선,신길,56.4,108.26,136.7,239.9,288.73,300.83,300.45,323.9,323.73,322.14,364.03,387.82,402.23,352.06,297.57,288.97,312.87,291.59,195.85,4.69,17-18시간대
152,5호선,신정(은행정),256.72,417.3,569.67,869.67,974.49,923.06,908.81,976.51,973.45,912.46,953.15,1028.79,1044.26,918.52,756.85,670.07,711.61,628.06,393.47,41.79,17-18시간대
153,5호선,아차산(어린이대공원후문),231.71,451.75,601.99,1012.26,1449.66,1602.32,1591.85,1672.12,1813.37,1765.28,1792.6,1899.78,1815.79,1524.36,1184.15,977.19,936.39,688.27,389.81,39.72,16-17시간대
154,5호선,애오개,61.12,143.69,204.0,316.21,430.58,406.74,432.6,482.59,479.29,466.01,454.5,494.84,481.91,422.55,336.59,296.71,272.08,226.92,148.64,66.71,16-17시간대
155,5호선,양평,65.85,149.28,196.65,331.55,376.27,409.65,429.32,481.43,475.35,456.16,457.67,519.31,504.51,434.99,349.78,331.96,321.19,279.77,169.26,21.79,16-17시간대
156,5호선,여의나루,83.83,267.24,341.05,538.65,671.72,1079.25,1390.55,1708.73,1990.35,2450.12,2765.4,3053.07,3029.5,2804.75,2395.81,2287.34,1801.61,1361.18,498.66,11.67,16-17시간대
157,5호선,여의도,107.98,393.88,452.95,704.43,964.64,1089.02,1440.01,1681.27,1830.1,1866.05,1980.28,2178.18,2209.93,1774.19,1404.82,1507.78,1163.83,684.03,253.71,47.86,17-18시간대
158,5호선,영등포구청,44.49,103.39,114.65,178.94,217.81,235.88,246.47,284.74,286.28,284.53,283.16,302.9,310.12,271.57,198.6,180.49,174.92,144.33,92.63,2.1,17-18시간대
159,5호선,영등포시장,95.75,215.81,286.8,532.24,737.8,928.96,1008.23,1265.81,1405.98,1268.39,1213.28,1284.03,1227.65,1168.27,758.89,626.84,619.49,486.53,277.23,4.74,13-14시간대
160,5호선,오금,32.76,73.41,123.53,195.91,240.93,232.42,244.01,286.27,280.47,251.35,233.66,294.58,277.28,222.27,179.88,153.24,148.17,136.66,86.78,3.37,16-17시간대
161,5호선,오목교(목동운동장앞),140.88,368.48,606.05,1170.66,1732.19,1536.23,1753.4,2045.84,2199.09,2136.62,2174.64,2371.91,2432.55,2089.27,1643.14,1643.65,1422.25,1060.48,514.42,46.49,17-18시간대
162,5호선,올림픽공원(한국체대),57.6,164.48,147.77,244.12,372.1,426.79,464.58,555.61,592.26,645.86,665.25,662.31,672.42,445.23,343.47,442.74,534.05,380.84,111.09,0.96,17-18시간대
163,5호선,왕십리(성동구청),56.95,99.29,124.43,255.68,314.43,363.97,422.24,491.05,523.56,518.43,526.87,569.88,586.65,519.58,385.98,348.02,342.37,281.85,179.45,84.22,17-18시간대
164,5호선,우장산,157.99,338.94,495.13,878.38,1045.81,1095.25,1121.09,1265.27,1312.73,1232.46,1237.44,1290.58,1296.92,1135.76,891.26,758.14,759.06,692.67,384.94,16.61,13-14시간대
165,5호선,을지로4가,26.74,111.92,140.27,246.26,265.12,332.02,436.8,527.53,553.27,544.73,542.97,552.5,526.45,421.96,298.68,234.5,202.23,137.96,79.73,1.85,13-14시간대
166,5호선,장한평,182.85,514.23,641.15,1066.32,1131.49,1238.48,1284.65,1413.81,1385.09,1316.01,1356.71,1526.5,1626.6,1621.98,1125.32,963.01,928.83,805.05,483.79,26.26,17-18시간대
167,5호선,종로3가,92.87,183.12,207.96,356.04,655.96,999.08,1478.31,1818.47,1913.11,2019.99,2116.1,2297.27,2281.88,2005.77,1629.31,1480.92,1424.51,1144.08,597.42,27.38,16-17시간대
168,5호선,천호(풍납토성),211.88,519.88,594.27,941.15,1406.5,1647.42,1808.63,2045.65,2291.3,2302.48,2397.29,2540.13,2518.24,2310.65,1816.11,1621.67,1319.31,1051.42,620.05,51.35,16-17시간대
169,5호선,청구,44.58,96.83,120.8,208.54,245.96,260.43,278.38,291.46,314.0,296.75,299.53,319.89,335.41,312.62,234.14,200.88,198.51,175.63,116.07,6.29,17-18시간대
170,5호선,충정로(경기대입구),27.79,68.78,96.63,156.04,193.08,214.4,220.1,250.59,259.31,247.44,251.04,266.99,276.73,229.97,181.44,169.21,163.2,150.07,95.48,8.66,17-18시간대
171,5호선,하남검단산,84.48,180.77,306.91,476.18,757.79,764.64,661.2,765.65,748.96,763.96,836.81,783.95,806.15,692.25,528.04,497.73,464.4,375.15,150.86,57.96,15-16시간대
172,5호선,하남시청(덕풍·신장),111.03,206.74,312.66,509.43,609.14,653.89,680.11,719.25,764.65,663.42,743.63,785.99,735.81,718.27,557.05,477.82,466.88,353.62,212.73,77.91,16-17시간대
173,5호선,하남풍산,35.74,108.96,174.35,267.73,320.8,365.35,370.0,380.63,407.24,382.19,383.68,420.7,374.54,360.16,278.26,232.75,270.26,192.28,108.5,16.14,16-17시간대
174,5호선,행당,107.42,212.96,286.33,505.88,600.75,623.2,643.83,691.73,705.29,641.46,650.02,677.45,672.01,567.98,446.29,391.04,376.98,310.02,202.04,13.81,13-14시간대
175,5호선,화곡,518.45,827.9,1104.63,1784.26,2106.83,2021.36,2087.7,2290.35,2314.58,2223.92,2260.04,2482.99,2528.4,2304.8,1870.23,1693.4,1796.49,1501.24,919.9,129.53,17-18시간대
176,6호선,고려대(종암),107.82,231.4,302.19,508.05,586.1,592.43,587.22,711.98,715.42,669.09,687.96,743.92,768.78,654.55,531.47,483.22,497.15,504.22,335.35,7.28,17-18시간대
177,6호선,공덕,179.15,332.7,418.24,740.92,925.48,978.63,1114.25,1263.04,1280.24,1245.89,1242.88,1380.37,1446.31,1250.53,985.03,895.42,890.33,763.26,487.75,101.12,17-18시간대
178,6호선,광흥창(서강),108.71,223.64,275.27,467.93,608.47,632.42,587.34,738.72,691.58,684.12,672.43,733.96,707.57,608.78,471.07,430.87,410.04,350.05,219.82,7.4,12-13시간대
179,6호선,구산,114.98,208.81,304.62,466.01,528.05,582.63,597.42,657.81,638.98,589.82,609.84,644.94,606.96,524.48,425.8,347.27,335.94,295.34,168.84,0.92,12-13시간대
180,6호선,녹사평(용산구청),92.02,133.58,138.09,207.97,273.26,408.1,488.04,585.12,667.63,682.35,722.75,844.01,925.33,826.81,668.35,617.93,612.73,549.37,345.0,9.97,17-18시간대
181,6호선,대흥(서강대앞),90.0,161.48,255.52,454.55,585.17,595.96,654.56,781.73,797.45,731.66,755.88,807.53,823.63,729.92,525.74,460.16,462.0,434.13,314.95,25.85,17-18시간대
182,6호선,독바위,57.54,91.76,134.89,217.82,309.08,310.17,266.34,267.6,251.62,245.66,256.48,272.49,256.13,231.73,188.89,167.11,157.31,141.57,92.36,25.81,10-11시간대
183,6호선,돌곶이,158.92,312.29,406.89,655.09,822.73,911.93,690.16,753.57,829.07,933.39,850.36,813.65,810.35,724.5,566.08,501.49,509.3,424.59,282.74,26.65,14-15시간대
184,6호선,동묘앞,108.09,181.27,226.72,438.82,609.44,800.31,1034.04,1242.74,1366.44,1422.94,1412.16,1321.5,1115.69,801.59,566.15,469.34,441.35,373.27,301.53,39.23,14-15시간대
185,6호선,디지털미디어시티,202.73,424.39,505.09,726.93,827.11,875.77,885.55,962.11,964.63,911.9,972.54,1083.96,1114.51,965.98,741.42,639.76,652.42,568.75,374.94,71.88,17-18시간대
186,6호선,마포구청,210.87,362.15,467.91,802.21,990.47,993.52,1018.42,1150.64,1147.18,1090.19,1113.54,1230.28,1261.63,1096.47,882.35,800.86,734.45,713.19,436.64,4.67,17-18시간대
187,6호선,망원,161.29,289.33,380.52,677.88,949.61,1172.7,1502.88,1848.92,2029.45,2015.96,2053.54,2166.74,2170.65,1892.4,1449.72,1261.63,1170.81,960.19,515.24,3.41,17-18시간대
188,6호선,버티고개,35.2,61.73,85.52,126.52,152.65,171.33,171.09,192.79,200.17,191.39,200.03,217.02,220.88,182.91,143.78,126.08,122.98,110.93,74.89,5.08,17-18시간대
189,6호선,보문,104.68,206.95,264.82,449.87,516.09,548.35,582.21,648.63,679.34,606.77,603.56,668.86,665.31,605.21,485.45,459.39,469.99,447.99,345.58,40.88,13-14시간대
190,6호선,봉화산(서울의료원),125.97,228.91,371.12,540.36,599.92,637.52,606.73,663.45,695.83,651.13,662.34,725.5,712.46,620.63,500.79,434.34,444.42,381.44,271.44,32.78,16-17시간대
191,6호선,불광,52.18,118.48,148.95,247.69,366.43,371.31,408.43,478.73,523.45,552.04,573.54,623.42,576.27,471.42,365.11,296.74,278.22,212.65,139.14,12.28,16-17시간대
192,6호선,삼각지,65.55,147.78,214.89,299.86,378.3,472.15,587.92,714.68,810.42,825.54,874.34,944.88,964.25,738.19,514.58,488.14,430.14,405.89,251.47,11.03,17-18시간대
193,6호선,상수,306.37,309.5,229.34,319.42,517.86,714.35,918.08,1147.88,1289.82,1288.02,1301.91,1440.88,1563.81,1438.11,1165.17,1063.66,1128.42,1055.58,790.97,6.4,17-18시간대
194,6호선,상월곡(한국과학기술연구원),116.18,180.1,251.43,424.08,471.99,456.63,481.05,489.55,506.45,474.62,477.51,514.2,506.99,442.08,350.77,311.88,325.09,284.65,224.69,11.32,16-17시간대
195,6호선,새절(신사),250.47,393.49,520.96,792.59,931.0,933.54,934.89,1040.31,1040.35,990.66,1020.27,1126.83,1122.84,1060.42,855.5,701.18,703.14,601.59,384.42,47.73,16-17시간대
196,6호선,석계,242.01,376.96,496.36,790.42,900.33,927.5,944.81,1034.76,1040.57,993.11,1063.57,1143.25,1205.71,1080.07,892.9,775.95,762.57,675.71,466.67,59.2,17-18시간대
197,6호선,신내,0.0,0.0,0.0,0.0,0.0,0.0,0.0,0.0,0.0,0.0,0.0,0.0,0.0,0.0,0.0,0.0,0.0,0.0,0.0,0.0,06시이전
198,6호선,신당,86.19,195.42,225.0,483.72,433.0,452.88,584.47,724.73,873.93,655.67,656.6,916.42,973.9,833.96,696.42,581.73,732.72,520.85,367.68,18.64,17-18시간대
199,6호선,안암(고대병원앞),119.59,238.57,298.75,433.18,520.37,588.33,697.96,861.77,934.94,860.2,911.83,958.16,1037.19,944.79,735.31,656.66,730.19,760.28,548.09,104.61,17-18시간대
200,6호선,약수,43.6,91.77,113.48,215.69,252.18,261.65,282.54,325.68,336.66,316.07,317.96,346.0,344.73,322.9,236.57,208.12,196.07,180.44,107.09,5.33,16-17시간대
201,6호선,역촌,57.07,132.49,172.19,266.08,301.7,303.96,324.65,356.82,369.32,342.3,348.0,375.67,376.58,342.51,279.96,239.7,246.46,212.65,160.1,1.36,17-18시간대
202,6호선,연신내,0.0,0.0,0.0,0.0,0.0,0.0,0.0,0.0,0.0,0.0,0.0,0.0,0.0,0.0,0.0,0.0,0.0,0.0,0.0,0.0,06시이전
203,6호선,월곡(동덕여대),160.53,270.2,375.38,662.5,761.67,804.04,826.65,924.29,917.35,904.69,919.09,987.33,1004.82,890.36,712.79,642.4,627.25,539.74,382.44,9.12,17-18시간대
204,6호선,월드컵경기장(성산),56.33,206.58,209.4,315.81,477.35,742.87,825.89,951.37,1160.71,1178.75,1322.74,1298.49,997.33,1046.11,587.19,421.25,411.46,338.8,130.2,4.54,15-16시간대
205,6호선,응암,286.57,530.9,728.27,1078.58,1341.85,1346.03,1465.61,1512.96,1559.19,1509.83,1542.38,1680.48,1677.13,1503.82,1285.27,1155.93,1090.82,973.45,596.49,112.3,16-17시간대
206,6호선,이태원,956.27,741.77,424.8,476.24,630.27,841.23,1091.67,1328.55,1469.64,1561.26,1726.55,1997.95,2259.11,2292.5,2105.12,2025.96,2017.69,1913.65,1429.02,121.84,18-19시간대
207,6호선,증산(명지대앞),187.39,328.07,435.35,643.82,779.73,824.98,802.27,881.56,880.38,860.07,911.19,991.93,992.98,880.71,727.84,622.76,627.41,534.27,343.27,39.68,17-18시간대
208,6호선,창신,64.73,114.66,140.42,233.69,251.05,239.46,238.86,249.56,247.3,232.24,226.14,252.7,253.07,214.81,168.58,164.28,163.46,142.0,96.1,9.54,17-18시간대
209,6호선,청구,48.19,94.41,138.09,253.04,272.09,242.58,264.22,269.29,289.56,283.6,294.69,319.7,331.56,305.42,232.38,192.26,176.09,160.86,101.85,9.42,17-18시간대
210,6호선,태릉입구,111.16,173.7,218.98,326.24,412.58,454.13,509.07,557.51,596.04,569.05,580.83,627.36,629.66,559.16,472.4,406.31,403.06,367.03,262.0,55.2,17-18시간대
211,6호선,한강진,83.58,186.12,218.53,391.14,505.07,725.43,1037.41,1280.36,1620.1,1415.85,1629.87,2076.99,2081.0,1592.88,1053.09,1061.79,1103.59,841.7,236.12,67.74,17-18시간대
212,6호선,합정,164.91,284.79,319.21,520.65,758.26,976.48,1212.35,1516.04,1672.3,1639.19,1707.81,1944.03,2053.32,1816.75,1449.83,1358.17,1396.47,1210.79,742.89,6.4,17-18시간대
213,6호선,화랑대(서울여대입구),136.14,251.34,398.41,680.62,799.95,801.4,779.82,857.04,829.16,774.01,789.36,852.35,840.04,721.33,591.13,512.02,528.71,455.67,299.37,36.65,12-13시간대
214,6호선,효창공원앞,81.36,166.14,240.48,421.42,498.12,513.02,523.7,601.34,615.9,583.16,593.84,652.9,655.07,547.59,398.7,356.07,340.72,310.5,193.04,12.8,17-18시간대
215,7호선,가산디지털단지,276.25,493.6,511.79,944.95,1184.62,1289.35,1525.71,1766.36,1984.75,2016.74,2166.19,2277.07,2156.73,1803.42,1338.04,1093.83,1100.77,637.1,349.49,32.62,16-17시간대
216,7호선,강남구청,86.27,389.33,394.85,703.04,1286.66,1107.81,1013.7,1128.84,1260.69,1220.7,1215.66,1287.34,1244.79,1034.5,896.08,779.8,742.5,559.35,257.53,12.65,16-17시간대
217,7호선,건대입구,145.84,256.49,369.91,589.23,852.67,943.5,1176.71,1381.25,1505.66,1523.86,1664.89,1743.07,1781.96,1591.21,1317.83,1269.27,1088.75,923.81,565.86,103.85,17-18시간대
218,7호선,고속터미널,94.85,540.69,672.83,993.09,1402.96,1566.4,1858.66,1842.99,1970.83,1845.13,1858.65,2006.9,1973.96,1847.47,1572.25,1602.7,1364.73,1012.88,406.27,8.67,16-17시간대
219,7호선,공릉(서울과학기술대),173.32,322.67,439.09,737.04,882.6,897.02,925.37,1057.18,1053.1,1041.94,1086.98,1181.58,1179.01,1083.96,882.55,768.39,786.42,684.48,479.75,45.18,16-17시간대
220,7호선,광명사거리,544.41,689.51,899.25,1327.48,1700.83,1878.77,1933.66,2127.51,2231.61,2178.12,2143.39,2305.0,2329.09,1960.56,1642.04,1246.68,1146.14,931.88,542.97,48.77,17-18시간대
221,7호선,군자(능동),214.89,418.93,508.17,800.73,946.0,964.23,974.35,1095.14,1159.72,1136.21,1175.5,1310.27,1377.77,1214.23,1014.67,939.01,904.63,754.65,443.67,29.86,17-18시간대
222,7호선,남구로,412.11,441.04,581.75,904.42,1018.65,1066.44,989.48,953.31,976.62,899.11,998.28,1175.04,1217.42,1019.07,802.13,679.31,693.32,566.58,310.12,17.84,17-18시간대
223,7호선,남성,161.56,308.16,420.32,703.08,877.96,853.1,847.19,913.99,922.18,883.25,904.11,951.81,959.24,836.32,682.4,631.84,643.3,532.79,331.19,12.82,17-18시간대
224,7호선,내방,79.79,300.68,374.73,687.73,900.33,833.58,852.13,975.48,1018.18,950.54,943.42,1039.37,1035.69,888.58,692.43,610.67,591.69,457.57,251.72,92.5,16-17시간대
225,7호선,노원,237.27,387.57,527.27,1090.45,1483.61,1524.46,1768.88,2101.6,2212.99,2237.35,2262.09,2384.43,2341.61,2056.42,1616.7,1440.65,1175.59,987.88,612.16,64.82,16-17시간대
226,7호선,논현,120.39,335.47,381.58,730.49,1137.53,916.35,883.06,999.31,1068.66,1070.19,1146.67,1300.7,1327.17,1140.96,846.98,814.64,873.49,792.65,493.37,20.23,17-18시간대
227,7호선,대림(구로구청),274.27,280.1,341.6,639.53,830.14,1125.61,1287.48,1120.24,1149.05,1177.32,1197.64,1284.2,1342.79,1116.31,864.66,720.99,698.6,552.48,287.96,5.19,17-18시간대
228,7호선,도봉산,125.42,314.04,477.99,806.66,1176.96,1203.05,1013.16,957.06,938.99,961.68,986.31,1040.73,954.36,796.67,654.89,568.15,558.47,478.07,335.09,70.82,10-11시간대
229,7호선,뚝섬유원지,138.19,267.59,357.98,582.83,679.39,726.64,788.96,938.6,1099.93,1229.98,1384.88,1584.89,1647.14,1547.09,1358.4,1279.36,1161.84,907.38,439.2,17.69,17-18시간대
230,7호선,마들,239.27,359.76,605.65,915.92,1010.73,1008.76,1014.23,1085.48,1031.86,983.36,1021.45,1049.85,1038.8,930.77,749.85,645.24,634.27,544.13,373.46,54.36,12-13시간대
231,7호선,먹골,185.27,287.19,412.73,729.59,811.95,798.81,809.52,903.77,908.16,854.58,880.88,964.96,998.55,891.0,729.84,637.96,616.38,541.03,323.13,27.15,17-18시간대
232,7호선,면목,300.82,548.38,691.24,1137.79,1191.52,1164.6,1110.63,1212.03,1225.15,1172.91,1225.88,1376.01,1399.46,1263.79,1001.58,881.64,896.44,750.75,455.18,54.27,17-18시간대
233,7호선,반포,45.66,239.15,227.85,393.37,525.04,442.23,467.24,534.32,538.73,562.32,560.0,619.78,569.6,499.27,380.49,342.02,352.19,310.01,130.32,2.95,16-17시간대
234,7호선,보라매,112.27,181.3,264.7,498.27,543.16,587.34,636.08,709.56,679.91,676.08,644.94,700.16,680.88,579.47,491.14,441.08,433.11,365.0,222.75,23.4,12-13시간대
235,7호선,부평구청,0.0,0.0,0.0,0.0,0.0,0.0,0.0,0.0,0.0,0.0,0.0,0.0,0.0,0.0,0.0,0.0,0.0,0.0,0.0,0.0,06시이전
236,7호선,사가정,286.05,540.88,684.48,1153.93,1285.98,1299.94,1264.92,1371.0,1426.65,1366.78,1417.81,1570.57,1614.09,1486.84,1165.62,1006.35,996.95,829.42,483.49,57.75,17-18시간대
237,7호선,상도,149.09,293.86,381.91,695.97,831.09,858.96,841.34,983.55,981.97,926.43,943.66,1026.4,985.65,874.28,710.25,653.77,645.35,588.32,457.52,4.86,16-17시간대
238,7호선,상동,0.0,0.0,0.0,0.0,0.0,0.0,0.0,0.0,0.0,0.0,0.0,0.0,0.0,0.0,0.0,0.0,0.0,0.0,0.0,0.0,06시이전
239,7호선,상봉(시외버스터미널),298.65,553.79,669.35,1075.13,1218.29,1239.65,1330.02,1512.95,1568.06,1507.76,1566.63,1729.37,1816.01,1660.93,1391.21,1240.77,1186.28,987.51,619.47,80.37,17-18시간대
240,7호선,수락산,219.04,394.91,597.26,970.95,1383.59,1381.89,1195.23,1268.08,1233.69,1265.88,1311.28,1376.58,1358.03,1187.27,932.85,785.36,739.06,604.13,370.1,70.04,09-10시간대
241,7호선,숭실대입구(살피재),154.57,298.66,431.56,742.52,947.16,937.04,937.98,1071.72,1064.06,1015.35,1046.25,1159.96,1138.98,998.58,817.72,730.21,749.57,684.58,510.39,19.73,16-17시간대
242,7호선,신대방삼거리,248.49,411.65,583.31,985.92,1172.19,1131.69,1132.04,1247.78,1267.51,1202.11,1178.83,1336.66,1302.69,1172.22,970.79,885.6,923.32,761.55,511.19,43.0,16-17시간대
243,7호선,신풍,301.74,386.77,531.34,848.73,969.73,994.86,965.8,995.15,999.58,953.31,960.71,1038.58,1047.71,913.5,731.55,639.42,633.99,515.88,313.35,57.88,17-18시간대
244,7호선,어린이대공원(세종대),114.85,302.6,425.88,767.19,977.2,1127.19,1340.57,1537.43,1616.69,1550.94,1628.77,1732.5,1719.44,1321.47,997.77,900.87,886.46,828.53,507.69,22.79,16-17시간대
245,7호선,온수(성공회대입구),169.32,259.99,376.74,616.65,644.5,641.95,583.04,662.0,652.23,590.8,632.96,670.02,683.77,646.58,502.49,435.76,438.47,400.57,308.94,129.92,17-18시간대
246,7호선,용마산(용마폭포공원),121.86,227.1,284.77,495.33,584.45,557.99,517.05,534.89,546.53,513.8,526.93,553.89,540.05,477.03,380.04,337.88,349.2,311.3,188.0,21.85,09-10시간대
247,7호선,이수,147.65,355.21,412.15,733.09,1007.94,1150.1,1250.96,1429.51,1541.79,1537.85,1542.68,1677.95,1690.8,1474.05,1195.08,1113.81,1078.18,940.71,560.76,33.88,17-18시간대
248,7호선,장승배기,165.55,289.42,350.45,626.19,736.65,731.47,750.94,778.45,786.5,750.58,739.29,813.06,777.79,717.11,569.85,499.71,519.09,406.54,267.99,16.42,16-17시간대
249,7호선,장암,27.07,64.14,96.13,159.44,230.8,225.1,183.11,203.29,186.57,206.97,229.8,229.03,222.03,163.22,115.43,82.94,56.62,40.66,17.06,2.76,09-10시간대
250,7호선,중계,252.88,411.19,620.59,962.36,1085.38,1021.79,1050.24,1083.62,1102.59,1043.09,1036.73,1121.09,1116.62,1001.71,838.03,713.59,715.0,665.44,387.46,39.82,16-17시간대
251,7호선,중곡,147.6,310.53,411.13,732.37,791.97,824.53,769.42,826.79,821.46,796.97,828.87,867.75,910.8,819.04,650.03,572.0,558.6,467.99,286.45,13.75,17-18시간대
252,7호선,중화,216.09,356.74,448.13,776.76,844.13,814.49,804.49,888.19,883.21,824.87,872.51,947.3,983.69,891.8,714.48,632.03,628.58,549.4,324.27,33.74,17-18시간대
253,7호선,천왕,180.39,297.66,437.16,667.17,783.09,798.27,761.81,816.88,844.88,801.05,818.81,875.95,880.93,778.07,618.19,558.75,534.93,442.3,272.96,29.58,17-18시간대
254,7호선,철산,328.37,553.27,760.96,1243.62,1612.97,1680.41,1700.36,1803.59,1822.47,1782.22,1809.37,2005.44,2081.43,1923.06,1443.63,1286.87,1343.2,1147.31,686.31,62.35,17-18시간대
255,7호선,청담,151.27,607.42,690.33,1187.2,1464.32,1180.79,1238.54,1297.27,1406.12,1333.38,1285.12,1411.96,1375.22,1177.42,900.74,785.58,778.07,609.65,219.91,77.25,09-10시간대
256,7호선,태릉입구,192.62,256.92,349.56,553.32,682.22,706.35,724.93,797.53,835.96,853.45,865.68,921.11,933.33,836.62,664.94,606.54,571.75,484.4,320.93,116.47,17-18시간대
257,7호선,하계,211.13,423.99,680.73,1112.72,1313.26,1354.09,1383.19,1636.21,1552.25,1530.39,1561.74,1648.8,1612.37,1394.03,1092.71,966.49,975.17,830.9,512.0,49.61,16-17시간대
258,7호선,학동,98.5,569.09,542.76,825.89,1098.7,1278.65,1152.44,1277.34,1573.96,1413.25,1368.83,1508.82,1381.27,1113.73,895.62,732.54,685.82,484.52,221.12,7.36,13-14시간대
259,8호선,가락시장,118.22,251.13,310.83,444.53,492.95,557.89,608.5,646.4,648.34,669.01,694.65,740.56,752.4,668.36,514.37,482.76,426.91,349.13,205.84,72.36,17-18시간대
260,8호선,강동구청,127.82,263.06,345.28,564.24,687.18,689.81,702.12,772.01,801.4,768.83,775.9,821.1,839.42,751.34,582.02,503.68,507.21,397.27,243.7,23.17,17-18시간대
261,8호선,남위례,41.96,123.89,176.7,316.38,375.58,406.96,433.5,498.86,540.75,520.53,541.28,589.82,583.94,499.39,386.55,342.94,342.11,293.06,189.12,1.66,16-17시간대
262,8호선,남한산성입구(성남법원.검찰청),262.12,414.13,570.44,923.03,1053.83,1022.11,1005.55,1067.14,1061.43,985.73,1009.27,1080.95,1063.31,967.16,782.73,694.86,763.78,618.65,365.56,49.39,16-17시간대
263,8호선,단대오거리,220.99,407.12,464.54,709.11,819.9,829.82,849.59,914.88,933.37,905.48,930.06,999.82,989.76,905.5,726.38,633.18,677.0,542.69,335.41,42.43,16-17시간대
264,8호선,모란,74.14,163.12,161.51,257.93,329.64,401.97,490.02,555.13,576.48,568.73,559.78,572.41,534.76,454.38,345.94,289.09,283.4,232.0,144.57,12.9,13-14시간대
265,8호선,몽촌토성(평화의문),65.23,205.67,251.23,398.73,459.81,543.53,599.05,617.05,667.21,663.72,699.62,754.96,721.38,608.76,440.74,405.94,400.14,351.1,174.84,3.63,16-17시간대
266,8호선,문정,85.54,304.02,382.71,601.13,758.01,926.91,962.16,1076.57,1219.41,1173.64,1139.44,1153.22,1144.37,951.58,730.4,683.42,653.05,527.72,276.1,5.21,13-14시간대
267,8호선,복정,138.33,358.49,373.44,575.91,624.84,721.42,599.77,802.73,673.58,707.6,684.14,795.45,789.96,685.63,555.56,485.01,467.83,375.93,173.08,34.7,12-13시간대
268,8호선,산성,92.93,187.24,225.1,396.09,521.5,540.87,479.76,499.34,517.2,507.51,527.65,579.94,525.41,459.42,353.69,305.51,331.19,258.47,159.04,21.24,16-17시간대
269,8호선,석촌,74.44,181.77,252.79,446.73,619.62,677.17,746.79,876.85,924.28,879.15,873.01,944.5,945.31,830.25,650.97,579.68,569.42,457.77,252.35,30.16,17-18시간대
270,8호선,송파,74.75,216.01,287.3,510.26,631.79,672.84,718.44,783.31,787.72,768.1,784.21,847.06,809.88,699.93,535.8,461.13,415.75,366.9,211.12,28.53,16-17시간대
271,8호선,수진,102.89,186.45,221.57,382.64,440.84,447.93,468.5,515.23,551.82,527.28,517.77,543.14,506.44,441.85,357.67,294.61,308.39,265.58,145.65,15.81,13-14시간대
272,8호선,신흥,92.88,149.47,179.98,321.11,373.08,377.74,401.34,482.56,543.32,534.28,535.5,592.36,575.2,505.24,411.42,336.42,325.96,263.04,132.68,15.79,16-17시간대
273,8호선,암사,313.53,508.72,717.55,1139.59,1335.24,1303.39,1322.06,1466.95,1488.04,1434.06,1453.76,1562.4,1577.35,1369.1,1113.65,1014.77,911.65,824.25,475.21,55.51,17-18시간대
274,8호선,잠실(송파구청),83.21,305.37,427.31,746.46,1110.01,1370.86,1731.47,1977.87,2199.25,2318.75,2515.22,2623.27,2531.88,2263.36,1696.18,1600.25,1482.94,1024.95,397.11,25.12,16-17시간대
275,8호선,장지,179.83,496.98,663.19,968.22,1193.6,1188.53,1256.07,1476.72,1467.35,1540.35,1619.49,1770.33,1782.01,1629.74,1192.25,1018.39,1040.16,725.0,378.7,3.05,17-18시간대
276,8호선,천호(풍납토성),247.42,520.72,559.0,875.35,1219.67,1253.55,1346.12,1536.87,1666.27,1665.69,1710.13,1832.58,1876.82,1711.04,1323.15,1170.8,1043.35,821.42,484.31,53.91,17-18시간대
