,역명,호선,06시이전,06-07시간대,07-08시간대,08-09시간대,09-10시간대,10-11시간대,11-12시간대,12-13시간대,13-14시간대,14-15시간대,15-16시간대,16-17시간대,17-18시간대,18-19시간대,19-20시간대,20-21시간대,21-22시간대,22-23시간대,23-24시간대,24시이후,붐비는 시간대
0,동대문,1호선,558.02,599.8,1038.73,1612.1,1440.7,1252.83,1328.87,1415.67,1379.77,1420.35,1425.81,1449.12,1481.9,1530.12,1236.68,914.23,834.79,721.46,461.79,112.14,08-09시간대
1,동묘앞,1호선,150.77,302.37,607.29,1239.22,858.07,798.83,1064.73,1314.52,1657.76,1574.92,1574.31,1511.57,1389.46,1052.97,590.29,382.01,362.12,336.0,191.71,72.94,13-14시간대
2,서울역,1호선,617.25,2244.77,6053.31,12081.51,7896.07,4494.61,4458.52,4911.85,4970.35,4311.06,5278.67,6040.04,9008.2,11932.63,5984.66,4065.6,4012.83,2693.46,1284.35,202.06,08-09시간대
3,시청,1호선,266.13,1015.52,3226.61,8970.75,4146.9,1972.86,2006.69,1891.03,2062.31,2090.48,2386.93,2630.87,4307.15,7706.3,2699.19,2137.18,2094.9,1389.69,523.04,52.56,08-09시간대
4,신설동,1호선,430.28,690.15,1837.15,3725.92,2028.66,1314.26,1245.28,1248.11,1342.95,1295.62,1427.36,1736.27,2335.33,3293.61,1586.92,1022.75,934.12,739.38,427.2,88.06,08-09시간대
5,제기동,1호선,280.98,640.62,1720.24,3007.21,2091.97,2185.73,2625.43,2876.49,3009.28,2997.01,2981.01,2763.09,2559.17,2602.99,1400.96,871.25,725.08,569.84,324.13,56.74,13-14시간대
6,종각,1호선,303.45,1133.5,4755.65,11780.56,6617.12,2995.08,2953.83,2777.45,3108.76,3189.23,3545.41,3938.25,7230.6,11037.33,4468.71,3356.67,3593.76,2708.91,1256.76,84.69,08-09시간대
7,종로3가,1호선,247.66,626.35,1245.9,3377.49,3174.75,2828.1,3273.57,3587.07,3738.14,3722.33,3784.46,3853.56,4394.33,5402.62,2846.84,1988.54,2083.45,1609.99,762.87,138.11,18-19시간대
8,종로5가,1호선,220.79,718.51,1981.29,4638.3,2961.12,2722.54,3071.51,3220.81,3305.19,3501.3,3469.25,3518.64,4333.37,5104.2,2479.68,1557.82,1400.62,961.01,359.89,42.23,18-19시간대
9,청량리(서울시립대입구),1호선,596.73,1414.13,2217.11,3367.41,2310.11,2208.17,2482.12,2628.6,2804.62,2851.95,3027.08,3246.23,3254.03,3380.87,1975.74,1237.92,1092.65,856.65,446.68,135.73,18-19시간대
10,강남,2호선,742.34,2736.37,8201.75,16049.06,14952.0,7575.18,6067.96,6200.0,7259.64,7244.4,8127.12,9245.18,14412.12,20675.14,12654.75,8133.0,8650.84,7984.91,3897.52,944.17,18-19시간대
11,강변(동서울터미널),2호선,409.59,1839.02,4261.78,6640.5,4501.0,3404.75,2851.04,2867.26,2892.4,2899.12,3330.52,3697.22,4693.44,6507.97,4386.33,2949.83,2489.9,2125.69,1081.46,299.25,08-09시간대
12,건대입구,2호선,621.42,1439.7,3254.34,6617.01,4422.02,2774.47,2648.4,2978.73,3244.85,3258.23,3614.82,4414.22,6079.74,9112.36,6189.53,4270.63,4348.14,4258.38,2603.0,785.99,18-19시간대
13,교대(법원.검찰청),2호선,373.85,1444.91,3497.46,8493.74,7238.18,3853.69,3539.57,3302.98,3744.73,3904.06,4056.91,4291.79,6635.9,9258.08,4532.4,3083.57,3128.62,2687.66,1170.76,288.5,18-19시간대
14,구로디지털단지,2호선,1588.8,2849.88,9547.97,18808.93,10744.24,4508.25,3444.04,3645.91,4026.19,3809.15,4367.76,5426.89,9235.78,16175.18,9781.88,5640.23,5097.92,4590.06,2450.18,717.54,08-09시간대
15,구의(광진구청),2호선,568.51,1673.53,3574.5,6660.45,3686.97,1958.6,1646.12,1737.12,1818.4,1796.96,2140.04,2668.75,3439.29,5589.18,3588.94,2240.15,2106.64,2010.6,1134.18,377.54,08-09시간대
16,낙성대(강감찬),2호선,515.32,1417.76,4398.46,7203.07,4455.76,2422.97,1895.45,2041.85,2073.69,2026.69,2294.4,2757.23,3764.7,6002.88,4580.22,2841.87,2655.32,2529.67,1504.71,463.36,08-09시간대
17,당산,2호선,361.73,1164.61,3216.66,5825.71,2842.18,1531.35,1359.0,1406.77,1466.93,1418.27,1626.64,2067.5,3392.83,5636.21,3041.91,1950.13,1943.05,1767.41,1014.36,275.33,08-09시간대
18,대림(구로구청),2호선,1372.5,1598.86,3719.0,6199.87,3607.84,2179.04,2022.45,2071.31,2117.09,2047.84,2420.93,2859.71,3775.59,4807.34,3072.28,2046.24,2172.93,2012.85,958.42,277.65,08-09시간대
19,도림천,2호선,28.34,84.6,318.67,421.24,175.1,131.04,104.19,155.87,117.05,139.02,152.94,199.37,209.34,290.23,186.08,103.47,90.87,63.36,40.43,17.55,08-09시간대
20,동대문역사문화공원(DDP),2호선,273.8,523.83,1269.9,2700.92,1779.42,1469.93,1525.19,1540.7,1583.36,1732.62,1865.73,2087.58,2510.37,2934.45,1988.35,1383.55,1318.84,1044.58,593.08,220.6,18-19시간대
21,뚝섬,2호선,206.0,938.3,2448.29,7283.35,4692.23,2061.12,1562.18,1644.62,1834.08,1842.42,2081.49,2560.21,3989.48,7293.25,3459.15,2002.26,1862.31,1423.94,676.83,178.97,18-19시간대
22,문래,2호선,240.54,1031.09,3499.89,7788.78,3719.41,1659.11,1429.45,1561.04,1639.63,1575.37,1766.95,2222.81,3710.04,7035.01,3198.74,1777.72,1707.24,1442.28,785.01,227.71,08-09시간대
23,방배,2호선,200.68,815.54,2141.71,4703.27,3219.37,1889.77,1633.06,1684.97,1751.57,1855.23,2004.76,2318.63,3085.4,4431.44,2322.1,1545.4,1469.68,1345.18,627.54,181.04,08-09시간대
24,봉천,2호선,624.65,1358.56,4029.47,6366.64,3659.98,2051.63,1761.84,1855.67,1949.33,1860.53,2209.03,2534.04,3112.86,4727.34,3694.56,2230.85,2010.13,1890.24,1065.38,355.28,08-09시간대
25,사당,2호선,627.08,2118.93,5222.64,7445.83,5010.85,3158.4,3195.28,3355.98,3288.23,3427.79,3930.35,4822.64,7173.49,10679.04,6943.16,4565.98,4630.35,4574.1,2746.73,726.82,18-19시간대
26,삼성(무역센터),2호선,399.04,1906.02,6507.68,15935.05,11137.4,5080.2,4000.49,3964.69,4649.15,4765.52,5324.15,6169.01,10825.83,15472.58,7599.92,4893.83,4335.77,2991.32,1057.68,267.24,08-09시간대
27,상왕십리,2호선,230.31,766.74,2267.67,4271.8,2121.27,1210.47,1049.15,1157.16,1165.98,1152.65,1331.15,1595.11,2216.12,3268.85,2116.12,1299.11,1180.95,1045.4,575.58,202.36,08-09시간대
28,서울대입구(관악구청),2호선,1360.53,2224.38,6684.73,10449.41,7166.68,4277.47,3444.06,3688.81,3987.13,3796.35,4325.69,5039.85,6808.46,10424.1,7827.54,4822.86,4582.24,4476.87,2619.94,872.0,08-09시간대
29,서초,2호선,246.49,1128.74,2794.79,6234.04,4826.55,2457.36,1875.83,1710.25,1952.82,2014.36,2259.14,2504.49,3910.94,5309.67,2461.83,1558.99,1529.73,1129.95,468.44,108.79,08-09시간대
30,선릉,2호선,443.36,2061.81,5888.04,14304.17,11190.18,5698.81,4187.66,4107.82,4773.35,4835.46,5484.7,6579.63,10313.94,15463.01,7708.57,4640.58,4400.2,3682.85,1548.16,379.41,18-19시간대
31,성수,2호선,370.83,1586.04,4332.27,13562.21,7673.73,3301.63,2540.37,2662.01,3030.13,3100.02,3410.01,4090.94,7021.22,13016.87,5978.56,3460.25,3135.38,2431.5,1154.12,377.18,08-09시간대
32,시청,2호선,109.25,793.9,3084.69,10045.21,4188.69,1663.28,1719.72,1636.95,1890.38,1944.66,2113.73,2332.86,4587.52,8275.77,2708.0,1946.46,1917.81,1278.62,570.78,130.74,08-09시간대
33,신답,2호선,54.1,101.02,330.3,584.63,244.45,125.17,111.35,117.92,119.14,123.76,152.09,197.44,262.41,513.14,338.71,153.52,166.35,134.72,90.42,29.49,08-09시간대
34,신당,2호선,260.95,744.81,1867.41,3357.33,1929.71,1276.02,1222.0,1334.82,1380.37,1390.67,1515.52,1852.0,2358.43,3310.97,2122.19,1365.77,1242.71,1129.28,631.77,202.08,08-09시간대
35,신대방,2호선,1002.27,1710.52,4507.56,6724.75,3795.6,2046.43,1721.02,1806.93,1836.84,1824.27,2197.83,2556.19,3415.27,5046.63,4057.7,2571.89,2463.16,2356.12,1284.31,419.34,08-09시간대
36,신도림,2호선,1597.29,2869.13,7691.39,10939.31,6025.08,3959.17,3703.77,3869.44,4000.18,3968.48,4481.28,5316.98,7503.36,11949.21,7552.04,4729.87,4725.7,4239.86,2662.94,1014.85,18-19시간대
37,신림,2호선,1574.42,3493.07,9344.51,14052.27,8308.59,4493.76,3844.19,4081.33,4118.93,4138.2,4818.1,5795.27,7497.0,12128.39,10097.15,6170.62,5754.63,5434.21,3300.44,1081.23,08-09시간대
38,신설동,2호선,69.54,126.78,411.56,930.6,513.21,360.33,363.66,381.69,430.82,408.64,422.67,448.39,602.43,762.27,382.7,244.17,215.12,179.87,105.93,49.38,08-09시간대
39,신정네거리,2호선,353.5,875.81,2419.51,2432.48,1249.33,831.12,797.16,854.13,852.47,813.02,972.58,1203.01,1602.37,2421.54,1765.5,948.7,870.05,751.75,481.04,161.31,08-09시간대
40,신촌,2호선,329.49,1119.32,3051.83,5827.86,5183.04,3653.26,3491.89,3879.27,4281.45,3993.53,4241.54,4950.19,6477.23,8019.86,5170.39,3769.2,3811.71,3643.04,2017.91,547.53,18-19시간대
41,아현,2호선,217.02,666.1,1743.15,2654.16,1415.7,965.19,878.25,961.33,981.76,967.15,1122.88,1442.68,1632.49,2146.12,1442.25,934.77,844.02,727.04,404.06,135.26,08-09시간대
42,양천구청,2호선,220.01,577.72,1696.12,1752.79,864.24,568.11,525.98,590.77,579.78,554.06,635.0,791.22,1094.75,1593.09,1176.29,643.3,597.59,506.46,360.04,131.43,08-09시간대
43,역삼,2호선,435.74,1926.86,7099.75,17568.5,14768.15,6403.91,3915.19,3638.83,4181.32,4151.48,4780.95,5576.86,11257.68,15190.37,8213.52,4554.79,4193.18,3063.33,1306.33,301.86,08-09시간대
44,영등포구청,2호선,322.82,1040.44,3329.85,7724.15,3494.69,1772.54,1661.42,1654.2,1771.08,1801.43,1932.25,2350.46,3522.11,6804.79,2916.82,1844.29,1717.09,1410.75,778.72,249.31,08-09시간대
45,왕십리(성동구청),2호선,344.58,646.77,1658.83,3185.15,1889.91,1206.66,1149.65,1264.58,1336.38,1359.85,1552.0,1937.39,2575.98,3728.1,2216.87,1578.95,1625.98,1656.58,1023.08,328.03,18-19시간대
46,용답,2호선,103.05,178.15,439.41,779.31,517.03,298.62,255.97,295.41,322.53,272.67,318.46,434.22,479.62,640.31,394.02,243.81,260.64,239.2,131.33,54.18,08-09시간대
47,용두(동대문구청),2호선,56.07,106.62,329.84,664.66,325.61,248.97,249.28,241.34,277.45,286.85,318.24,330.2,364.25,561.5,311.25,170.49,166.77,116.45,72.25,31.05,08-09시간대
48,을지로3가,2호선,103.6,855.42,3320.66,8428.79,3672.65,1817.3,1673.65,1602.83,1793.75,1831.1,1960.74,2346.6,4703.98,7519.2,3015.26,1972.07,2059.49,1760.78,1040.6,227.73,08-09시간대
49,을지로4가,2호선,89.62,625.07,1686.23,3918.13,2091.74,1364.16,1410.71,1342.85,1413.38,1472.21,1521.82,1737.34,2914.4,3564.64,1546.19,878.37,775.74,594.35,325.77,105.71,08-09시간대
50,을지로입구,2호선,190.81,1188.83,5864.74,15322.82,7222.14,3523.16,3356.29,3244.08,3581.02,3587.3,3975.36,4495.79,8081.32,13985.82,5718.99,4470.93,3516.92,2673.46,1213.88,280.37,08-09시간대
51,이대,2호선,162.11,611.66,1688.44,3281.43,2521.22,1818.02,1484.37,1821.32,1913.1,1633.39,1929.36,2108.28,2876.81,3286.54,2112.68,1470.68,1455.42,1295.1,730.45,215.08,18-19시간대
52,잠실(송파구청),2호선,636.48,3099.02,8289.33,14545.62,10992.65,6810.18,6302.58,6235.48,6463.87,6662.37,7824.44,9147.53,12754.94,17895.41,11295.59,8732.94,7979.0,6374.67,2744.74,582.08,18-19시간대
53,잠실나루,2호선,198.09,905.74,2615.7,3708.75,2255.79,1678.76,1503.74,1599.0,1565.04,1547.77,1644.49,1915.27,2502.61,2904.13,1771.03,1116.49,989.19,900.1,467.55,144.41,08-09시간대
54,잠실새내,2호선,217.63,1007.54,3074.72,4486.21,3039.4,2023.6,1879.52,2021.77,2112.51,2128.75,2464.74,2795.21,3621.74,5050.09,3442.11,2242.37,2040.49,1993.0,1103.81,314.52,18-19시간대
55,종합운동장,2호선,98.02,539.27,1365.38,2074.96,1202.75,834.63,685.17,776.0,755.61,863.19,1064.95,1359.29,2209.26,2796.64,1278.75,827.75,1700.66,1610.02,437.53,118.17,18-19시간대
56,충정로(경기대입구),2호선,155.63,540.15,1661.3,3714.4,1749.07,846.49,767.12,745.54,837.53,849.85,904.3,1111.12,1806.81,2968.73,1196.76,758.47,751.93,624.45,355.35,113.93,08-09시간대
57,한양대,2호선,53.97,328.73,735.26,2734.44,2476.9,2031.29,1084.96,1784.87,1640.43,1511.62,1501.87,1844.36,2509.74,2263.12,1083.3,826.13,868.3,657.88,417.19,110.53,08-09시간대
58,합정,2호선,410.05,1231.66,3240.82,6590.9,4961.23,2644.73,2396.91,2513.2,2811.17,2799.81,2936.14,3566.79,5273.32,9069.38,5754.88,3459.63,3444.78,3240.57,1844.95,551.58,18-19시간대
59,홍대입구,2호선,796.25,1621.09,4149.98,7901.1,7285.44,4754.72,4933.12,5641.19,6324.12,6226.48,6989.98,8369.61,10871.32,14634.9,10544.5,7441.76,7794.4,7583.3,4266.63,1097.49,18-19시간대
60,가락시장,3호선,126.25,515.46,1373.93,2226.77,1241.27,899.03,862.77,863.39,870.66,910.15,1015.78,1154.59,1552.1,2221.17,1184.97,784.07,683.71,575.1,277.37,88.4,08-09시간대
61,경복궁(정부서울청사),3호선,168.0,810.58,2320.32,6314.52,3939.64,2585.6,2453.05,2420.4,2560.94,2642.27,2852.54,3252.16,4151.14,5813.13,2528.18,1805.94,1791.02,1316.61,574.74,103.5,08-09시간대
62,경찰병원,3호선,120.62,425.33,1374.45,2370.31,1202.66,758.02,618.38,603.46,676.17,648.69,715.98,740.39,1232.01,1779.16,970.16,607.83,520.8,458.15,227.5,67.54,08-09시간대
63,고속터미널,3호선,318.1,1412.29,2781.91,4472.65,4923.21,4755.37,5259.47,5319.58,5535.29,5941.69,6530.01,6852.87,8028.82,8579.92,6106.11,5375.4,3555.02,2406.01,1019.0,169.07,18-19시간대
64,교대(법원.검찰청),3호선,79.79,422.67,1238.12,2750.0,2037.19,1163.63,1022.94,1030.93,1218.34,1331.08,1386.44,1526.48,2531.63,3754.31,1608.45,1213.31,1243.84,1106.59,421.71,71.63,18-19시간대
65,구파발,3호선,475.02,1727.78,4777.31,4453.06,2585.63,1944.29,1752.68,1830.71,1828.4,1888.55,2032.58,2510.73,2936.05,4140.52,3222.87,1863.13,1659.93,1425.48,867.56,339.29,07-08시간대
66,금호,3호선,197.31,499.84,1311.71,1940.17,1128.67,732.75,638.84,672.44,696.84,680.72,792.11,936.92,1200.69,1676.03,1123.93,744.09,622.17,598.38,301.28,81.29,08-09시간대
67,남부터미널(예술의전당),3호선,163.63,1338.6,3852.26,8575.31,4789.57,2891.21,2456.73,2453.54,2734.47,2798.37,2990.78,3665.71,5825.11,8129.43,3823.96,2423.4,2190.31,1792.09,683.72,119.4,08-09시간대
68,녹번,3호선,409.01,1214.03,3437.88,4012.21,2119.54,1265.41,1083.73,1150.0,1100.21,1087.1,1228.31,1568.16,2035.96,3338.01,2475.14,1428.02,1234.54,1082.66,617.37,149.41,08-09시간대
69,대청,3호선,194.67,714.66,1946.66,2693.05,1259.89,872.49,774.43,802.45,861.38,860.71,1081.89,1393.11,1715.76,2254.75,1398.9,888.46,780.67,771.67,370.5,95.75,08-09시간대
70,대치,3호선,138.64,800.28,1825.78,2229.23,1309.91,973.21,903.39,1001.19,1117.38,1140.81,1337.52,1710.08,2161.15,2271.71,1641.52,983.22,1074.06,1573.0,372.56,92.5,18-19시간대
71,도곡,3호선,50.59,326.4,966.98,1314.02,925.71,523.72,473.12,448.26,466.02,484.16,581.21,739.69,1031.81,1155.9,695.42,431.08,377.72,328.32,147.58,80.84,08-09시간대
72,독립문,3호선,222.72,432.33,1249.71,1591.06,1062.3,889.09,800.46,812.58,810.15,799.57,899.91,1016.0,1108.7,1296.56,812.1,524.09,456.9,391.66,230.35,102.76,08-09시간대
73,동대입구,3호선,104.86,431.52,853.21,2487.09,1618.5,1178.75,1028.0,923.4,1033.24,1070.81,1005.44,1241.71,1787.98,2561.98,1074.11,793.57,890.96,673.76,255.88,51.02,18-19시간대
74,매봉,3호선,86.7,637.71,1758.84,4225.24,2045.85,1051.11,949.1,881.01,922.91,996.9,1137.79,1313.56,2343.31,3813.58,1528.02,962.63,954.96,720.53,295.56,71.37,08-09시간대
75,무악재,3호선,80.17,318.21,795.1,1014.1,562.86,397.82,344.34,343.82,348.81,350.11,391.78,488.96,624.76,921.92,634.73,395.49,352.82,296.62,189.02,50.5,08-09시간대
76,불광,3호선,405.88,974.0,2654.4,3822.88,2293.64,1631.54,1558.93,1659.44,1751.18,1732.51,1904.98,2119.87,2479.33,3540.18,2447.67,1482.04,1274.25,1066.61,598.15,154.52,08-09시간대
77,수서,3호선,284.7,1184.28,2984.25,4232.92,2396.29,1818.24,1527.29,1833.33,1684.17,1559.71,2086.5,2444.72,3081.75,4128.69,2308.83,1745.2,1319.26,1310.19,543.65,148.02,08-09시간대
78,신사,3호선,188.33,890.16,2356.56,5214.58,6266.47,3245.29,2458.65,2452.48,2664.51,2858.34,3093.79,3494.48,5253.68,8115.07,5027.08,2869.33,2879.64,2470.95,1167.23,246.35,18-19시간대
79,안국,3호선,127.27,1003.25,4197.06,5246.54,3357.18,2463.12,2727.31,2602.13,2638.92,2833.29,3099.42,3788.94,5460.07,5739.19,2309.25,1728.27,1599.38,999.71,376.08,63.13,18-19시간대
80,압구정,3호선,194.14,1177.05,2635.34,7427.03,6924.33,3834.71,3297.71,2973.21,3273.39,3484.05,3757.92,4231.98,5794.26,8445.37,5188.55,3340.13,2631.04,2063.87,722.95,163.5,18-19시간대
81,약수,3호선,299.44,652.37,1751.06,3077.98,1913.7,1204.38,1124.13,1172.12,1194.44,1229.45,1362.55,1660.47,2069.0,3067.22,1774.1,1193.87,1152.41,984.8,522.27,163.6,08-09시간대
82,양재(서초구청),3호선,311.62,2224.88,6139.84,12325.91,6327.19,3209.88,2803.36,2662.76,2992.87,3031.75,3472.26,4257.19,7587.83,11630.39,5509.98,3585.55,3318.29,2507.08,1029.62,191.7,08-09시간대
83,연신내,3호선,1066.67,2454.29,6407.15,7549.29,4486.85,3062.55,2927.75,3234.51,3093.21,3015.94,3484.85,4274.4,4801.96,7055.65,5653.77,3301.93,2926.11,2570.41,1600.87,482.12,08-09시간대
84,오금,3호선,156.87,425.53,1422.08,1889.8,824.67,479.36,419.37,461.48,460.57,425.39,515.54,636.73,954.77,1372.87,806.4,518.25,442.79,487.18,238.83,86.85,08-09시간대
85,옥수,3호선,160.83,559.25,1347.04,1942.36,1257.95,847.98,820.08,830.81,900.4,923.83,1037.48,1219.38,1584.99,2054.52,1361.9,906.23,831.83,745.98,362.12,87.41,18-19시간대
86,을지로3가,3호선,65.13,408.97,1580.53,3744.7,1614.8,881.14,826.64,789.56,869.97,891.46,959.6,1141.84,2281.94,3700.29,1466.31,892.06,876.49,702.1,386.97,66.85,08-09시간대
87,일원,3호선,154.17,796.82,2404.88,2103.84,1468.73,1307.07,1149.36,1200.07,1192.16,1225.27,1381.16,1688.69,2145.98,1604.82,1129.19,688.39,585.67,578.69,254.33,64.0,07-08시간대
88,잠원,3호선,87.54,459.41,787.36,1139.64,681.16,460.15,436.08,453.31,491.77,463.54,529.15,708.92,860.06,917.98,618.89,387.79,395.29,377.35,177.92,47.37,08-09시간대
89,종로3가,3호선,66.94,284.34,759.97,2114.9,2005.81,1534.91,1279.71,1222.78,1163.31,1227.08,1312.52,1397.17,1913.71,2924.42,1531.67,818.44,834.19,649.55,316.3,58.28,18-19시간대
90,지축,3호선,147.37,649.71,1361.75,1333.98,666.69,439.77,397.79,436.84,450.19,429.11,541.4,767.0,860.48,1195.2,905.13,557.55,468.34,439.42,228.32,48.92,07-08시간대
91,충무로,3호선,0.0,0.0,0.0,0.0,0.0,0.04,0.14,0.0,0.02,0.0,0.0,0.0,0.0,0.0,0.0,0.0,0.0,0.0,0.0,0.0,11-12시간대
92,학여울,3호선,31.63,138.91,329.65,563.9,326.59,238.98,210.6,223.99,245.99,253.21,287.59,330.51,421.15,488.55,257.26,167.33,146.09,114.06,57.0,18.54,08-09시간대
93,홍제,3호선,437.63,1235.6,3252.02,4001.41,2437.19,1698.93,1562.95,1675.85,1612.79,1611.01,1841.03,2180.57,2592.69,3562.53,2578.61,1538.64,1360.28,1133.35,678.33,161.81,08-09시간대
94,길음,4호선,467.41,1661.34,4458.46,4893.58,2795.61,1907.33,1778.67,1814.22,1866.93,1845.34,2045.0,2598.32,3294.69,4524.16,3264.48,1970.51,1772.27,1744.55,907.07,227.1,08-09시간대
95,남태령,4호선,23.63,98.25,267.75,381.59,192.13,119.74,109.7,113.03,102.68,112.05,121.35,168.11,270.33,247.09,130.93,95.72,74.44,45.0,26.77,7.02,08-09시간대
96,노원,4호선,485.31,1244.03,2768.75,3502.46,2386.13,1696.44,1650.87,1847.47,1918.5,1877.23,2098.74,2501.49,3171.16,4465.56,3454.08,2252.51,2018.59,1818.15,1058.97,311.26,18-19시간대
97,당고개,4호선,321.34,818.83,1976.53,1910.62,1108.25,829.33,788.02,791.88,785.51,790.73,846.87,996.88,1146.41,1470.44,1283.82,798.19,677.69,598.91,410.08,140.98,07-08시간대
98,동대문,4호선,297.74,686.93,1678.99,3350.64,3148.72,2864.11,2794.32,2645.31,2737.2,2981.83,3084.18,3271.29,4097.95,3072.91,1814.33,1235.08,1134.84,706.63,403.27,78.01,17-18시간대
99,동대문역사문화공원(DDP),4호선,298.5,674.95,1443.12,3264.0,1916.31,1404.01,1396.25,1393.4,1481.27,1623.53,1752.21,1928.49,2874.47,3888.63,2316.74,1568.56,1431.73,1100.46,598.99,165.36,18-19시간대
100,동작(현충원),4호선,22.73,123.77,257.86,401.92,291.1,239.19,281.09,268.71,233.17,229.97,271.5,278.28,379.88,413.29,208.67,174.7,125.32,95.44,55.67,23.98,18-19시간대
101,명동,4호선,82.0,771.37,2277.73,5248.42,3665.35,2423.59,2448.71,2696.08,2617.28,2670.54,3207.88,3539.46,4557.29,6431.87,3325.09,2618.13,2279.1,1654.09,643.77,127.79,18-19시간대
102,미아(서울사이버대학),4호선,481.58,1055.62,2644.19,3479.94,1983.19,1356.47,1403.06,1349.52,1385.58,1468.35,1662.71,1943.23,2265.19,2965.98,2163.19,1281.41,1089.69,970.38,544.22,135.9,08-09시간대
103,미아사거리,4호선,677.2,1807.75,4827.21,5289.85,3352.99,2366.71,2249.11,2331.21,2356.42,2478.54,2954.13,3541.13,4018.81,5647.6,4284.09,2745.6,2162.46,1876.34,1017.25,237.13,18-19시간대
104,사당,4호선,451.64,1620.96,4030.52,5141.63,3742.54,2324.77,2113.18,2158.71,2015.02,1998.02,2164.22,2690.29,3931.42,5677.36,3593.54,2283.13,2312.36,2176.96,1281.65,297.18,18-19시간대
105,삼각지,4호선,45.96,317.85,857.47,1304.94,703.55,472.26,477.84,504.92,545.69,516.49,555.17,709.3,1085.56,1682.13,860.37,577.17,597.54,563.85,334.33,78.4,18-19시간대
106,상계,4호선,552.75,1833.41,4529.5,3857.72,2166.27,1533.95,1460.77,1617.88,1542.53,1501.76,1717.62,2131.8,2564.79,3440.51,3026.7,1782.52,1548.09,1521.79,862.9,234.2,07-08시간대
107,서울역,4호선,205.5,792.19,2150.14,4209.25,2544.75,1362.16,1298.75,1429.67,1434.98,1392.73,1559.1,1854.46,3156.5,4066.35,1925.42,1239.19,1127.09,949.06,470.83,120.32,08-09시간대
108,성신여대입구(돈암),4호선,283.25,1014.88,2696.25,3743.06,2341.17,1756.37,1963.34,1939.65,1988.25,2138.29,2238.81,2668.49,3426.62,4509.36,3122.4,2135.92,2107.19,1906.55,1062.26,286.05,18-19시간대
109,수유(강북구청),4호선,925.53,2319.11,5739.49,7243.5,4316.93,2891.03,2780.63,2859.06,2934.01,2981.81,3328.11,4111.77,5103.61,7389.27,5732.55,3457.97,2977.84,2625.76,1685.82,381.27,18-19시간대
110,숙대입구(갈월),4호선,138.98,581.21,1728.69,3196.88,1903.96,1371.58,1241.73,1219.07,1283.13,1290.02,1464.87,1931.32,2537.25,3560.33,1880.75,1314.53,1310.57,1178.3,626.71,123.17,18-19시간대
111,신용산,4호선,98.85,648.4,2022.31,4681.46,3373.73,1628.03,1405.6,1424.89,1540.43,1501.69,1738.01,2152.97,3580.53,5617.99,2602.87,1666.96,1557.5,1163.31,575.38,104.84,18-19시간대
112,쌍문,4호선,958.22,2460.32,5980.88,6308.96,3578.86,2409.01,2173.99,2274.1,2196.48,2141.8,2506.55,3081.28,3847.48,5457.69,4762.75,2801.34,2376.29,2175.42,1330.15,345.5,08-09시간대
113,이촌(국립중앙박물관),4호선,84.88,461.52,1105.11,1821.14,1343.05,1043.09,989.51,1146.35,1158.12,1161.67,1289.57,1493.94,1666.48,1902.85,956.76,640.44,599.56,463.81,225.33,60.76,18-19시간대
114,창동,4호선,802.99,2154.46,4552.17,4824.5,2972.32,2279.61,2229.55,2450.71,2555.49,2597.28,2909.4,3435.88,4051.03,5333.12,4085.2,2464.05,2130.87,1911.72,1119.9,333.46,18-19시간대
115,총신대입구(이수),4호선,265.29,1010.73,2838.48,4360.85,2592.59,1829.31,1794.87,1876.8,1963.93,1977.19,2247.35,2574.17,3334.17,4824.42,2867.31,1894.18,1628.82,1459.06,768.52,163.94,18-19시간대
116,충무로,4호선,247.44,1088.65,2779.62,8190.33,5016.4,2937.33,2543.09,2466.45,2611.15,2627.85,2790.03,3314.04,5143.19,7992.45,3747.98,2493.87,2447.23,1985.85,1095.42,243.38,08-09시간대
117,한성대입구(삼선교),4호선,290.1,764.73,2027.45,2746.19,1874.84,1366.33,1270.16,1387.06,1403.69,1387.82,1538.33,2000.21,2295.37,2693.18,1895.68,1289.92,1171.54,1032.62,623.2,220.51,08-09시간대
118,혜화,4호선,225.12,1195.23,2888.24,5996.9,4530.56,3676.72,3439.06,3590.56,4004.38,4244.76,4539.33,4818.37,5929.18,7500.75,4442.38,2697.77,3683.44,3664.13,1400.77,259.0,18-19시간대
119,회현(남대문시장),4호선,92.79,922.62,2487.61,6096.79,4193.22,3265.4,3371.8,3256.33,3318.35,3543.31,3659.22,3926.38,4733.2,5878.19,2391.36,1862.01,1061.18,675.9,289.4,65.2,08-09시간대
120,강동,5호선,451.44,1230.83,3636.84,5103.58,2481.96,1565.63,1428.57,1466.33,1566.87,1536.55,1744.71,2063.08,2976.01,4104.42,2455.62,1581.59,1373.1,1168.58,685.17,257.02,08-09시간대
121,강일,5호선,130.1,443.9,1170.58,1194.38,603.98,413.68,359.56,394.81,377.23,356.38,452.86,582.6,737.34,987.0,772.85,424.88,386.09,320.49,224.02,77.93,08-09시간대
122,개롱,5호선,164.25,523.32,1342.86,1632.79,798.1,567.89,524.25,565.87,579.58,575.66,641.6,935.68,1084.62,1385.9,1051.14,596.03,475.54,484.78,238.08,74.28,08-09시간대
123,개화산,5호선,179.27,491.74,1248.07,1535.66,684.5,456.08,450.53,499.26,464.48,447.95,514.48,643.2,843.3,1231.39,838.04,464.28,419.92,377.65,201.15,72.23,08-09시간대
124,거여,5호선,270.53,841.07,2540.19,2618.77,1247.02,778.88,697.32,749.25,816.87,759.28,872.85,1278.6,1488.87,2163.33,1671.41,860.07,721.62,746.08,376.69,115.24,08-09시간대
125,고덕,5호선,228.96,730.65,2012.28,1838.31,1157.66,980.25,953.76,969.44,1070.97,1022.1,1172.67,1464.8,1532.13,1866.29,1439.42,771.42,747.25,751.33,321.12,121.51,07-08시간대
126,공덕,5호선,101.71,499.02,2256.15,5027.59,2365.3,1098.31,1067.4,1059.35,1150.37,1070.22,1174.86,1513.37,2781.54,4874.24,1940.69,1263.0,1277.47,1077.13,522.94,119.49,08-09시간대
127,광나루(장신대),5호선,264.77,956.16,2393.39,3376.75,1790.24,1241.52,1102.57,1158.32,1199.84,1167.21,1312.6,1635.93,2021.37,2919.25,1717.8,1070.21,1085.71,966.11,474.3,114.0,08-09시간대
128,광화문(세종문화회관),5호선,87.67,1216.23,3744.65,12361.29,5562.56,2481.58,2513.68,2281.37,2694.02,2609.32,2812.12,3397.31,5870.45,11018.94,3806.32,2561.11,2749.59,1941.38,737.1,139.08,08-09시간대
129,군자(능동),5호선,293.89,657.41,1792.58,3125.13,1511.76,869.93,806.88,874.6,920.88,909.46,1020.85,1295.91,1970.88,3280.29,1964.57,1186.99,1107.95,1032.6,632.29,274.57,18-19시간대
130,굽은다리(강동구민회관앞),5호선,292.73,677.17,1824.3,2186.87,1206.29,824.48,802.47,839.29,847.24,838.88,896.71,1132.67,1343.55,1999.75,1422.52,881.0,734.27,722.96,350.5,114.24,08-09시간대
131,길동,5호선,204.18,507.42,1249.82,1882.56,1088.46,768.08,770.37,830.71,835.8,837.05,934.92,1143.58,1302.62,1759.54,1134.88,693.94,572.06,499.61,274.09,97.51,08-09시간대
132,김포공항,5호선,105.38,419.83,816.81,1037.88,710.05,760.73,884.81,909.09,965.06,989.33,1046.79,1097.56,1356.01,1560.12,927.43,626.56,534.06,457.48,141.81,32.13,18-19시간대
133,까치산,5호선,991.97,2092.69,5928.41,7569.63,3651.61,2142.26,1965.71,2109.9,2089.76,2029.79,2451.5,2956.51,3717.1,6226.17,4668.04,2805.09,2533.46,2144.56,1292.59,392.65,08-09시간대
134,답십리,5호선,388.5,1061.48,3175.0,4971.92,2216.62,1290.84,1170.38,1243.21,1296.78,1227.46,1415.42,1725.67,2527.71,4007.42,2231.19,1365.79,1179.37,1013.94,545.07,173.72,08-09시간대
135,동대문역사문화공원(DDP),5호선,18.12,133.87,474.49,1495.8,625.04,252.54,215.7,200.04,216.37,240.89,249.25,323.43,617.02,1100.12,425.03,231.11,209.19,159.12,85.34,24.39,08-09시간대
136,둔촌동,5호선,177.73,681.73,1494.9,1990.94,1020.71,729.72,689.79,717.33,759.47,750.19,882.59,1139.15,1473.7,2041.8,1267.48,656.06,641.59,534.27,273.66,76.16,18-19시간대
137,마곡,5호선,188.65,635.4,1741.91,3330.13,1878.02,931.47,771.79,787.55,863.98,877.26,1013.56,1306.34,1936.93,2917.12,1573.55,900.75,772.75,657.97,304.59,106.51,08-09시간대
138,마장,5호선,111.98,382.57,954.92,1566.73,832.44,564.54,520.23,591.47,552.92,519.57,580.21,693.58,860.44,1231.02,745.36,469.35,429.13,377.0,193.56,63.51,08-09시간대
139,마천,5호선,292.34,699.87,2009.83,1842.65,863.1,565.34,509.63,559.71,557.72,499.32,661.47,836.48,984.25,1467.69,1174.39,583.26,565.48,523.06,295.84,115.65,07-08시간대
140,마포,5호선,133.53,632.63,2113.59,4815.12,2186.99,1160.84,1155.44,1102.56,1189.06,1119.66,1246.04,1506.22,2592.49,4530.42,1919.71,1283.38,1315.59,1051.85,539.73,119.47,08-09시간대
141,명일,5호선,238.4,730.24,1862.08,1883.67,1066.25,808.52,763.57,748.41,798.19,780.79,878.41,1171.08,1217.85,2007.65,1499.08,805.36,686.93,681.6,356.15,110.6,18-19시간대
142,목동,5호선,358.05,1078.65,3294.93,4385.31,2163.03,1390.13,1243.87,1329.89,1393.99,1388.93,1562.9,1975.42,2749.91,4498.08,2866.07,1673.97,1555.06,1523.75,742.1,217.5,18-19시간대
143,미사,5호선,322.27,1282.78,3538.98,3734.98,2003.18,1336.94,1201.57,1329.72,1289.4,1322.1,1504.04,1836.12,2548.71,3654.78,3217.52,1836.12,1501.6,1364.29,845.64,299.45,08-09시간대
144,발산,5호선,216.9,923.42,2839.54,6290.4,3120.57,1728.4,1704.88,1715.01,1848.28,1909.01,2158.94,2554.97,3926.16,5805.65,2971.4,1925.39,1738.13,1457.13,717.71,176.64,08-09시간대
145,방이,5호선,123.73,453.31,1166.23,1832.73,873.42,602.78,531.09,641.53,606.52,624.76,767.76,907.54,1294.62,1736.45,1081.62,675.55,669.15,649.5,251.53,62.42,08-09시간대
146,방화,5호선,193.4,589.74,1448.23,1641.11,802.78,588.59,566.88,603.62,610.73,606.38,672.41,821.92,915.68,1271.12,977.85,593.15,486.5,453.75,272.91,106.65,08-09시간대
147,상일동,5호선,433.69,1594.4,4035.31,3132.51,1636.33,1127.44,962.14,1104.59,1104.97,1022.37,1292.59,1492.8,2063.95,3073.77,2556.69,1287.52,1135.08,992.42,601.63,283.4,07-08시간대
148,서대문,5호선,153.55,863.97,3881.05,8553.84,2737.69,1463.89,1476.87,1387.22,1537.85,1519.85,1691.47,2108.43,3845.06,6324.67,1923.11,1401.01,1341.64,973.36,448.87,93.26,08-09시간대
149,송정,5호선,185.53,473.69,1177.78,1437.48,815.32,592.13,556.5,594.88,579.82,582.9,633.65,768.61,936.42,1286.9,891.11,561.43,495.32,446.03,262.5,87.9,08-09시간대
150,신금호,5호선,129.73,396.63,1285.97,1805.72,876.21,538.11,497.18,548.88,571.76,561.25,685.52,864.93,989.23,1480.16,988.66,592.44,512.56,445.09,259.25,84.21,08-09시간대
151,신길,5호선,81.13,235.35,863.4,1646.3,621.64,265.6,239.98,254.19,264.53,243.98,266.92,373.18,670.95,1333.53,624.97,433.44,433.57,390.69,244.79,83.05,08-09시간대
152,신정(은행정),5호선,507.44,1105.36,3203.21,3978.18,1749.26,936.92,832.64,877.68,864.77,817.48,988.71,1263.23,1613.83,2630.9,1777.58,1059.94,974.23,918.08,529.5,157.1,08-09시간대
153,아차산(어린이대공원후문),5호선,385.55,878.06,2403.29,3703.7,1830.14,1257.1,1192.08,1290.76,1276.54,1311.77,1547.67,1806.02,2201.28,3154.27,2060.69,1277.43,1104.77,968.85,510.23,143.53,08-09시간대
154,애오개,5호선,103.17,387.54,1178.09,2270.78,1012.49,552.83,523.63,545.41,627.99,585.1,652.21,736.14,1083.15,1830.8,839.79,519.16,458.62,409.61,230.69,84.33,08-09시간대
155,양평,5호선,108.71,410.89,1517.22,2978.39,1096.03,485.26,437.69,461.98,488.73,457.93,519.35,632.52,1131.98,2325.14,1013.06,606.26,531.37,471.92,265.33,81.04,08-09시간대
156,여의나루,5호선,92.88,542.09,1946.01,3512.87,1349.55,822.36,782.89,864.67,1030.11,1126.2,1358.88,1678.08,2833.44,3757.82,1715.1,1491.09,1197.0,927.23,375.51,65.97,18-19시간대
157,여의도,5호선,208.16,1248.79,6827.99,10815.0,4088.79,1745.5,1849.49,1707.23,2020.05,1987.58,2217.63,2864.17,7226.48,9423.28,3501.46,2572.57,2250.47,1484.94,616.95,134.23,08-09시간대
158,영등포구청,5호선,65.81,199.88,649.13,1611.96,676.85,340.98,338.76,325.63,357.73,355.6,386.38,454.73,713.31,1454.1,528.23,327.9,310.07,255.76,134.66,39.9,08-09시간대
159,영등포시장,5호선,125.61,432.06,1569.2,3115.4,1456.02,856.68,817.73,947.97,1081.45,977.94,1058.68,1268.0,1734.96,2848.59,1361.7,844.19,783.73,671.29,376.04,95.53,08-09시간대
160,오금,5호선,55.57,216.79,742.19,1284.78,475.79,297.65,272.81,304.64,291.15,302.35,378.59,476.35,657.27,946.87,432.24,274.65,230.06,219.3,126.12,40.43,08-09시간대
161,오목교(목동운동장앞),5호선,262.06,968.32,3433.88,5386.27,3188.97,1920.19,1820.71,1876.57,1980.44,2012.5,2205.0,2763.15,3768.06,5862.3,3285.23,2318.67,1924.22,1752.93,755.28,184.27,18-19시간대
162,올림픽공원(한국체대),5호선,80.53,363.83,757.13,955.88,564.15,468.99,406.44,478.87,446.88,443.25,539.29,640.79,726.75,803.75,516.81,307.25,295.71,269.23,161.83,37.73,08-09시간대
163,왕십리(성동구청),5호선,88.6,195.31,524.71,1182.18,566.09,405.72,403.93,435.83,480.7,495.28,528.15,643.34,824.19,1290.39,689.27,474.56,474.25,405.7,219.64,92.72,18-19시간대
164,우장산,5호선,280.37,1100.53,3136.52,3436.49,1744.75,1273.7,1215.78,1321.06,1352.7,1328.94,1585.48,1938.19,2161.66,2965.54,2193.17,1259.87,1095.79,1095.72,589.13,160.08,08-09시간대
165,을지로4가,5호선,42.75,297.93,863.69,2068.29,909.5,579.04,598.96,577.08,599.86,618.55,638.05,727.78,1287.41,1939.59,747.67,442.64,383.93,270.34,132.27,30.44,08-09시간대
166,장한평,5호선,318.03,1200.01,3400.98,6273.88,2730.4,1495.31,1313.63,1339.14,1378.72,1316.9,1519.84,2020.5,3052.36,5316.22,2870.59,1576.83,1350.38,1173.84,669.75,201.62,08-09시간대
167,종로3가,5호선,54.7,275.06,737.34,1988.62,1563.68,1278.14,1420.74,1552.38,1605.75,1608.58,1698.18,1917.79,2466.91,3478.8,1789.18,1341.18,1467.19,1191.41,644.97,133.71,18-19시간대
168,천호(풍납토성),5호선,325.9,961.83,1981.69,3207.77,2140.98,1619.73,1699.94,1811.08,1895.25,1948.9,2242.58,2598.69,3296.48,4159.61,2840.85,1959.01,1556.3,1274.26,679.07,197.08,18-19시간대
169,청구,5호선,67.45,185.46,455.02,1094.91,565.98,342.5,305.55,314.68,332.37,339.6,363.09,448.9,589.15,988.1,586.52,363.43,307.55,290.02,157.96,42.76,08-09시간대
170,충정로(경기대입구),5호선,44.56,160.29,804.26,1955.7,723.83,309.7,306.84,285.22,345.15,354.4,340.92,412.66,841.78,1657.3,531.51,351.21,338.45,277.86,143.44,38.93,08-09시간대
171,하남검단산,5호선,135.69,486.77,1172.06,1249.98,698.36,554.56,515.63,590.02,573.28,534.63,698.16,760.22,905.56,1056.04,871.31,568.28,483.44,413.92,257.5,103.46,08-09시간대
172,하남시청(덕풍·신장),5호선,195.68,594.71,1365.29,1548.41,825.08,679.28,654.23,681.22,731.81,660.65,822.17,1003.68,1022.7,1399.42,1117.08,619.67,563.33,496.01,285.37,115.93,08-09시간대
173,하남풍산,5호선,79.17,306.25,718.18,1155.93,639.15,387.1,339.36,347.62,381.16,377.25,433.29,576.21,696.26,989.43,615.25,347.52,303.0,264.14,143.09,56.08,08-09시간대
174,행당,5호선,173.3,562.91,1594.8,2279.08,1081.12,660.16,589.07,624.67,611.23,630.39,733.06,861.87,1120.87,1711.35,1098.17,688.63,622.29,551.97,293.73,94.06,08-09시간대
175,화곡,5호선,937.05,2048.12,5697.67,7701.38,3706.83,2170.03,1974.44,2084.21,2124.89,2037.98,2339.68,3027.4,3932.62,6536.31,4561.17,2591.1,2301.42,2007.56,1184.82,345.27,08-09시간대
176,고려대(종암),6호선,166.06,466.69,1408.51,2440.79,1152.36,810.08,710.26,691.08,903.49,691.4,863.38,1190.38,1427.45,1933.17,1143.92,725.57,761.44,679.87,402.04,129.77,08-09시간대
177,공덕,6호선,257.0,728.88,2610.12,5860.98,2948.82,1505.06,1375.74,1402.85,1462.96,1472.6,1672.15,1994.09,3388.23,5473.87,2478.9,1652.99,1608.59,1329.39,752.49,200.89,08-09시간대
178,광흥창(서강),6호선,155.66,486.06,1533.95,2724.06,1430.01,835.98,791.14,826.42,776.85,749.52,883.99,974.83,1440.51,2310.83,1255.31,745.55,669.15,592.25,305.81,91.45,08-09시간대
179,구산,6호선,212.27,561.4,1607.81,1932.8,928.11,593.67,589.55,620.6,592.96,554.02,687.33,884.67,894.28,1206.23,1027.12,539.73,482.1,422.65,234.15,78.81,08-09시간대
180,녹사평(용산구청),6호선,54.55,220.28,601.08,1086.96,587.38,399.32,376.61,401.39,448.62,428.25,514.69,657.48,843.59,1210.37,723.1,497.56,505.54,453.6,257.2,69.42,18-19시간대
181,대흥(서강대앞),6호선,125.65,371.39,1293.62,2416.52,1295.79,985.26,787.63,918.28,1046.23,857.75,976.51,1206.27,1592.89,2004.22,1142.57,751.87,731.14,744.45,360.35,100.6,08-09시간대
182,독바위,6호선,97.23,239.14,686.38,665.99,331.88,238.08,199.42,234.54,214.83,214.58,246.7,312.03,361.33,578.37,491.81,270.6,217.4,214.79,144.96,48.12,07-08시간대
183,돌곶이,6호선,281.78,694.66,1932.56,2528.69,1278.73,788.64,713.58,811.32,816.49,749.65,859.79,1031.06,1349.51,1903.0,1515.55,826.58,685.65,673.04,373.76,122.76,08-09시간대
184,동묘앞,6호선,221.21,343.43,739.44,1600.31,1184.72,871.6,905.8,970.02,947.9,986.46,1050.74,1179.01,1296.09,1542.47,929.65,621.25,562.8,510.46,385.26,98.04,08-09시간대
185,디지털미디어시티,6호선,330.21,1080.58,3504.02,5701.45,2435.04,1055.54,913.98,932.44,921.48,900.22,1048.34,1494.49,2508.14,4195.06,2330.51,1246.96,1076.05,1016.34,531.67,183.52,08-09시간대
186,마포구청,6호선,333.74,814.73,2375.13,4007.54,2034.24,1225.73,1089.3,1182.55,1201.38,1122.16,1304.23,1470.54,2036.4,3257.17,1926.93,1222.17,1072.96,1008.93,569.67,165.52,08-09시간대
187,망원,6호선,237.83,590.67,1536.09,3007.58,2083.81,1316.7,1328.59,1446.37,1522.1,1467.4,1698.88,1855.01,2336.29,3400.88,2241.06,1376.29,1263.09,1064.83,632.38,150.01,18-19시간대
188,버티고개,6호선,41.52,115.15,319.44,556.75,320.81,210.46,180.74,195.84,199.93,198.26,238.15,257.58,349.37,502.75,322.08,194.1,180.02,162.74,93.39,28.25,08-09시간대
189,보문,6호선,163.52,430.98,1337.62,2318.87,1075.31,619.21,542.83,587.43,607.79,556.64,658.92,813.03,1063.4,1673.72,1029.45,651.92,610.92,597.55,383.23,122.7,08-09시간대
190,봉화산(서울의료원),6호선,229.05,763.35,2437.65,2299.59,1064.52,726.79,634.92,703.63,705.1,665.75,760.26,898.36,1264.16,1765.69,1479.38,818.98,672.58,649.78,368.35,136.05,07-08시간대
191,불광,6호선,79.29,241.22,631.07,845.5,528.93,382.08,414.7,440.99,481.25,486.85,565.68,621.85,701.54,957.4,643.19,390.02,332.25,267.23,160.54,60.84,18-19시간대
192,삼각지,6호선,84.37,360.02,1016.6,1833.76,899.0,563.63,559.83,583.56,625.44,590.7,671.34,821.7,1217.67,1784.33,848.79,591.58,579.19,543.82,301.13,85.04,08-09시간대
193,상수,6호선,133.23,301.79,689.02,1703.82,1552.67,927.06,823.36,963.62,1071.04,975.86,1010.88,1269.85,1692.44,2395.63,1566.65,1080.63,1052.74,1044.46,726.68,218.76,18-19시간대
194,상월곡(한국과학기술연구원),6호선,213.48,433.77,1211.01,1810.46,888.38,648.52,551.47,535.64,553.24,535.67,574.78,722.47,882.92,1208.99,956.18,503.0,544.64,424.35,266.3,85.78,08-09시간대
195,새절(신사),6호선,432.55,989.58,2657.79,3298.15,1674.31,992.66,931.46,1014.72,1052.0,946.02,1169.74,1426.29,1744.37,2518.48,1965.53,1110.0,955.52,860.6,560.31,192.83,08-09시간대
196,석계,6호선,430.04,1012.32,2478.55,2945.74,1525.87,1066.35,1020.01,1058.47,1095.87,1048.58,1184.19,1519.04,1832.99,2735.69,2182.7,1191.42,1054.07,988.42,627.54,186.43,08-09시간대
197,신내,6호선,0.0,0.0,0.0,0.0,0.0,0.0,0.0,0.0,0.0,0.0,0.0,0.0,0.0,0.0,0.0,0.0,0.0,0.0,0.0,0.0,06시이전
198,신당,6호선,293.01,476.49,906.11,2058.8,1299.87,834.06,736.41,772.15,711.77,688.35,768.51,956.86,1190.64,1756.3,1280.32,820.01,753.14,922.56,522.04,132.96,08-09시간대
199,안암(고대병원앞),6호선,113.28,429.77,1103.52,2551.38,1953.32,1961.25,1436.66,1340.92,1638.3,1347.68,1686.51,1991.35,2486.19,2443.94,1435.05,1060.37,1078.25,1107.47,709.14,194.33,08-09시간대
200,약수,6호선,54.62,154.65,445.44,1044.6,566.16,341.69,320.79,332.75,358.72,336.09,394.0,443.27,609.05,908.22,475.64,298.62,296.2,253.53,132.24,44.87,08-09시간대
201,역촌,6호선,87.4,309.42,824.17,1062.24,471.92,316.82,312.22,366.19,351.35,332.81,356.13,453.04,572.92,921.03,695.4,353.63,340.38,289.67,186.13,64.68,08-09시간대
202,연신내,6호선,0.0,0.0,0.0,0.0,0.0,0.0,0.0,0.0,0.0,0.0,0.0,0.0,0.0,0.0,0.0,0.0,0.0,0.0,0.0,0.0,06시이전
203,월곡(동덕여대),6호선,283.57,702.58,2094.31,3212.06,1713.31,1183.12,1067.6,1037.79,1116.6,1109.69,1204.82,1561.18,1822.01,2799.68,1835.63,1065.44,969.33,794.74,486.29,163.13,08-09시간대
204,월드컵경기장(성산),6호선,83.13,232.97,551.75,798.29,527.79,496.17,548.31,596.01,632.65,692.56,745.37,826.65,901.21,1201.02,835.1,390.03,476.22,535.88,140.84,38.97,18-19시간대
205,응암,6호선,472.29,1318.27,3496.83,4604.88,2203.12,1404.81,1256.69,1419.67,1373.35,1346.05,1561.56,1887.88,2486.27,3936.67,2940.11,1782.85,1412.78,1295.23,822.33,229.48,08-09시간대
206,이태원,6호선,157.74,435.89,813.73,1727.6,1345.79,911.68,827.98,918.23,979.47,1022.75,1157.92,1478.6,1850.44,2461.53,1833.14,1293.24,1267.62,1224.51,889.42,275.3,18-19시간대
207,증산(명지대앞),6호선,319.77,765.66,1941.81,2511.94,1333.74,812.01,761.09,796.77,815.98,795.08,902.75,1117.89,1405.89,2228.28,1622.8,923.14,859.02,741.39,437.75,140.27,08-09시간대
208,창신,6호선,109.63,292.79,884.16,1002.24,494.59,300.04,257.69,274.65,272.02,252.14,314.13,390.58,447.86,580.12,422.71,284.43,240.63,219.58,132.26,38.85,08-09시간대
209,청구,6호선,83.46,211.81,584.53,1403.48,696.11,320.94,292.55,280.63,314.33,293.96,327.29,410.01,493.08,826.73,548.03,312.99,276.46,243.9,135.31,39.81,08-09시간대
210,태릉입구,6호선,199.86,399.18,989.01,1355.17,738.26,502.48,557.51,504.27,522.53,541.62,561.62,717.99,889.16,1374.87,1025.23,549.46,526.74,459.75,345.8,137.93,18-19시간대
211,한강진,6호선,50.99,368.9,1044.6,2074.19,1389.63,792.25,832.59,715.31,875.58,836.16,1025.51,1309.78,1838.93,2463.48,1347.13,780.92,782.16,993.29,243.0,73.59,18-19시간대
212,합정,6호선,174.2,484.99,1282.54,2794.64,1789.47,1008.52,1043.38,1066.48,1203.44,1183.67,1305.33,1529.84,2159.5,3585.07,2188.48,1425.9,1498.23,1355.3,826.48,212.23,18-19시간대
213,화랑대(서울여대입구),6호선,277.94,1038.65,3037.03,3091.22,1459.75,893.3,830.76,801.25,911.92,784.05,944.47,1173.3,1540.1,2069.63,1633.19,893.58,780.28,685.56,446.01,152.34,08-09시간대
214,효창공원앞,6호선,113.19,366.02,1059.79,2219.57,1184.2,684.17,597.2,608.25,639.8,579.17,646.93,831.1,1081.17,1810.78,942.81,570.71,519.09,434.1,270.79,99.15,08-09시간대
215,가산디지털단지,7호선,556.31,1547.19,6597.43,18562.86,10293.64,3035.91,2075.07,2178.92,2387.13,2425.98,2738.01,3778.92,9771.94,15121.74,6332.55,3374.72,2642.03,1617.17,782.37,181.96,08-09시간대
216,강남구청,7호선,130.74,699.82,1736.51,5252.65,4761.52,1894.31,1232.21,1145.17,1287.96,1319.3,1474.75,1694.98,2643.04,4821.11,2730.66,1615.93,1516.56,1172.5,542.21,145.35,08-09시간대
217,건대입구,7호선,179.34,482.1,1305.34,2451.23,1811.52,1442.29,1281.46,1326.07,1481.08,1519.51,1646.39,1858.94,2524.63,2970.38,1928.48,1461.79,1241.85,1126.12,618.0,197.11,18-19시간대
218,고속터미널,7호선,138.76,910.72,1921.13,2833.74,2218.55,1764.84,1702.08,1586.35,1731.47,1724.63,1860.67,2041.13,2806.0,2845.07,1690.37,1440.86,1337.65,999.25,367.18,61.82,18-19시간대
219,공릉(서울과학기술대),7호선,265.87,747.56,2087.08,2794.6,1578.86,1067.1,971.58,1115.18,1157.41,1092.63,1260.86,1572.72,1826.6,2558.07,1951.54,1130.25,1000.81,949.95,576.26,190.23,08-09시간대
220,광명사거리,7호선,1007.61,1717.44,4115.76,4833.02,2600.03,1760.31,1727.81,1846.94,1921.75,1903.78,2154.73,2600.67,3296.99,4548.9,3325.46,1877.37,1535.73,1242.56,731.39,201.58,08-09시간대
221,군자(능동),7호선,363.58,819.79,1940.75,3806.7,2281.29,1151.38,1000.65,1035.84,1079.86,1058.21,1226.88,1465.75,1993.94,3144.1,2122.26,1332.69,1240.03,1075.35,605.48,193.92,08-09시간대
222,까치울,7호선,0.0,0.0,0.0,0.0,0.0,0.0,0.0,0.0,0.0,0.0,0.0,0.0,0.0,0.0,0.0,0.0,0.0,0.0,0.0,0.0,06시이전
223,남구로,7호선,728.42,924.62,2671.79,5836.16,2846.62,1166.83,928.41,954.01,1004.37,934.3,1118.48,1565.79,2883.06,4440.87,2222.88,1238.75,1085.99,821.39,411.98,96.23,08-09시간대
224,남성,7호선,260.67,689.92,1945.64,3074.56,1760.41,1040.79,932.65,940.1,977.52,922.84,1049.96,1234.05,1529.54,2317.46,1604.0,1002.91,899.42,787.82,452.63,150.1,08-09시간대
225,내방,7호선,143.31,709.12,1865.49,4981.77,2816.76,1340.46,1097.24,1142.33,1264.74,1243.0,1363.36,1614.66,2547.26,4432.33,1958.39,1221.54,1129.91,880.01,423.46,126.71,08-09시간대
226,노원,7호선,347.51,881.0,2421.94,3595.1,2729.62,2140.08,2152.15,2244.21,2396.41,2441.22,2676.79,2916.4,3318.55,4204.41,3151.4,1945.16,1529.84,1430.21,716.31,220.74,18-19시간대
227,논현,7호선,133.78,777.44,2227.58,5320.32,4446.59,1818.81,1240.14,1206.5,1331.69,1446.67,1562.05,1842.88,3267.96,5694.98,3014.22,1752.03,1758.6,1580.91,842.27,213.71,18-19시간대
228,대림(구로구청),7호선,475.2,472.08,875.38,1626.04,1072.37,817.58,828.03,825.51,847.64,861.56,949.02,1051.5,1387.35,1558.52,999.21,688.71,689.05,574.45,281.77,67.0,08-09시간대
229,도봉산,7호선,242.67,949.85,2560.25,2296.52,1251.03,849.1,728.91,762.72,739.93,695.15,840.69,1066.33,1256.46,1823.5,1825.9,1019.59,811.44,753.45,479.56,187.27,07-08시간대
230,뚝섬유원지,7호선,209.3,525.22,1178.75,1818.81,1159.92,650.62,597.16,654.88,736.51,767.12,913.09,1099.51,1397.39,1937.15,1380.59,1008.04,1014.04,867.14,429.07,108.48,18-19시간대
231,마들,7호선,433.59,1214.04,3149.3,3153.92,1544.52,1059.93,1008.78,1094.31,1056.71,1051.72,1196.42,1375.02,1587.97,2357.77,2257.7,1211.24,968.56,925.35,573.33,173.27,08-09시간대
232,먹골,7호선,319.5,656.54,1773.35,2575.08,1322.61,855.7,822.29,882.63,862.53,828.96,971.29,1175.1,1458.69,2113.2,1735.77,995.43,843.07,737.45,426.03,139.98,08-09시간대
233,면목,7호선,517.65,1154.41,2812.43,4207.45,2252.11,1361.06,1167.7,1324.18,1305.32,1218.48,1478.48,1934.7,2155.4,2958.33,2606.21,1412.41,1143.43,1072.59,577.2,190.75,08-09시간대
234,반포,7호선,83.77,526.99,845.73,1302.18,938.57,574.22,559.94,598.75,614.12,606.31,686.5,1001.42,1025.44,1187.68,750.71,525.65,513.01,393.34,171.73,43.33,08-09시간대
235,보라매,7호선,202.61,419.94,1289.84,2380.58,1075.53,642.68,580.94,614.1,618.21,608.59,694.39,871.75,1198.4,1985.49,1127.4,708.76,634.93,557.39,301.71,108.08,08-09시간대
236,부천시청,7호선,0.0,0.0,0.0,0.0,0.0,0.0,0.0,0.0,0.0,0.0,0.0,0.0,0.0,0.0,0.0,0.0,0.0,0.0,0.0,0.0,06시이전
237,부평구청,7호선,0.0,0.0,0.0,0.0,0.0,0.0,0.0,0.0,0.0,0.0,0.0,0.0,0.0,0.0,0.0,0.0,0.0,0.0,0.0,0.0,06시이전
238,사가정,7호선,482.64,1161.6,2860.52,4015.15,2207.01,1382.16,1244.78,1337.1,1333.65,1315.9,1552.72,1863.54,2383.13,3461.89,2783.91,1554.89,1320.04,1136.06,648.87,199.56,08-09시간대
239,상도,7호선,259.73,699.56,1820.22,2860.98,1702.07,1205.48,1011.19,1042.52,1053.6,1080.89,1151.4,1411.17,1766.46,2598.6,1602.37,1089.75,981.71,907.22,556.03,172.5,08-09시간대
240,상동,7호선,0.0,0.0,0.0,0.0,0.0,0.0,0.0,0.0,0.0,0.0,0.0,0.0,0.0,0.0,0.0,0.0,0.0,0.0,0.0,0.0,06시이전
241,상봉(시외버스터미널),7호선,468.56,1078.18,2843.58,4357.2,2159.88,1248.73,1166.94,1274.51,1300.15,1265.41,1403.32,1800.88,2350.37,3721.26,2985.08,1700.79,1409.72,1320.83,776.27,331.23,08-09시간대
242,수락산,7호선,392.99,1077.52,2435.59,2732.33,1601.67,1171.74,1098.38,1172.83,1135.37,1115.5,1252.83,1463.07,1730.83,2377.33,2201.12,1235.51,969.22,847.85,535.67,178.75,08-09시간대
243,숭실대입구(살피재),7호선,246.56,644.79,1961.04,3210.62,2008.23,1774.4,1383.34,1230.52,1443.86,1444.89,1441.66,1922.91,2320.03,2863.04,1965.23,1287.82,1211.19,1172.08,712.34,212.65,08-09시간대
244,신대방삼거리,7호선,422.25,947.47,2697.41,4138.87,2287.35,1281.74,1137.71,1212.22,1172.31,1195.61,1341.83,1633.94,2058.42,3397.19,2355.15,1410.33,1242.37,1068.29,666.34,238.51,08-09시간대
245,신풍,7호선,546.07,890.32,2298.74,3028.63,1625.37,948.0,885.81,923.73,916.33,872.66,1035.48,1322.59,1754.9,2500.65,1662.98,999.83,877.56,802.93,417.14,143.63,08-09시간대
246,어린이대공원(세종대),7호선,151.38,612.57,1529.25,4190.61,2645.0,1952.13,1692.43,1528.91,1784.37,1746.42,1677.05,2088.0,2715.69,3215.13,1906.14,1235.76,1191.21,1152.86,696.68,187.01,08-09시간대
247,온수(성공회대입구),7호선,318.77,876.03,2547.0,3083.52,1464.98,710.94,649.79,722.74,722.17,685.82,811.63,1163.03,1509.47,2222.59,1556.35,904.95,758.52,645.62,419.65,211.82,08-09시간대
248,용마산(용마폭포공원),7호선,213.19,503.21,1175.4,1646.69,845.13,507.99,427.81,457.67,456.52,438.41,538.05,646.2,803.39,1169.0,931.01,532.14,473.77,410.59,252.36,83.63,08-09시간대
249,이수,7호선,220.75,697.42,1813.12,3712.87,2299.69,1392.51,1278.87,1316.99,1429.19,1423.12,1578.87,1896.11,2578.88,4039.15,2416.12,1557.37,1513.33,1382.69,784.04,215.12,18-19시간대
250,장승배기,7호선,273.08,623.01,1460.11,2377.95,1363.24,882.17,798.83,823.17,850.97,815.59,929.89,1095.66,1288.98,1930.87,1229.75,790.56,705.94,637.52,367.69,130.19,08-09시간대
251,장암,7호선,72.81,350.9,801.54,495.27,208.95,120.45,123.71,130.48,113.57,111.73,125.26,151.85,177.12,223.71,177.4,98.61,56.21,45.09,30.11,12.22,07-08시간대
252,중계,7호선,432.29,1203.89,3421.12,3834.46,1851.16,1213.4,1114.42,1313.61,1207.34,1081.4,1252.47,1575.48,1921.92,2519.46,2239.11,1246.54,1109.22,980.12,580.5,180.45,08-09시간대
253,중곡,7호선,257.12,686.17,2014.92,3204.0,1629.0,880.33,780.27,852.9,853.94,824.65,991.03,1290.52,1625.81,2267.34,1618.36,928.03,808.45,701.97,355.83,129.31,08-09시간대
254,중화,7호선,362.44,789.41,1946.69,2938.5,1404.47,866.87,818.94,891.88,857.24,848.01,976.18,1228.06,1543.63,2253.9,1773.11,988.08,848.68,760.79,442.74,142.44,08-09시간대
255,천왕,7호선,338.0,964.15,2730.0,3266.23,1592.16,851.47,752.49,855.85,832.5,803.03,951.61,1245.59,1609.04,2553.58,1898.54,1034.92,840.1,716.71,444.51,129.92,08-09시간대
256,철산,7호선,514.62,1602.55,4456.05,5121.58,2762.75,1744.56,1583.33,1629.99,1695.5,1679.15,1864.66,2340.08,3437.64,5149.66,3663.58,2089.7,1874.32,1691.56,967.17,274.87,18-19시간대
257,청담,7호선,239.62,1309.29,3047.6,7340.9,4633.61,1809.34,1312.26,1376.12,1429.56,1490.47,1788.86,2219.07,3519.26,5894.35,2865.65,1600.45,1446.64,1123.03,397.72,113.33,08-09시간대
258,태릉입구,7호선,324.62,523.93,1295.7,1990.76,1231.6,836.44,859.1,823.13,858.81,879.87,967.45,1138.58,1433.63,1816.1,1335.82,818.06,736.83,666.95,381.17,177.33,08-09시간대
259,하계,7호선,355.6,1318.4,3727.61,4172.81,2295.12,1543.92,1494.66,1633.06,1654.57,1579.54,1826.02,2161.24,2501.71,3244.98,2756.8,1607.53,1370.77,1230.57,748.66,228.83,08-09시간대
260,학동,7호선,128.69,1171.84,2705.42,8683.48,6699.1,2536.92,1455.24,1338.22,1521.73,1646.82,1862.33,2266.64,4100.9,8075.27,3832.73,1872.39,1672.67,1242.54,532.37,118.69,08-09시간대
261,가락시장,8호선,205.21,465.77,1025.83,2241.63,1073.67,782.48,752.94,725.91,762.27,793.77,891.94,974.79,1346.47,2007.1,1046.31,739.64,737.6,583.56,315.29,120.21,08-09시간대
262,강동구청,8호선,227.31,681.55,1988.95,3302.98,1497.31,912.28,824.92,843.59,908.07,898.66,1011.44,1219.49,1634.02,2647.8,1458.33,905.19,832.67,691.45,342.15,110.35,08-09시간대
263,남위례,8호선,69.56,329.13,1041.92,1823.86,869.37,474.6,419.99,460.9,494.26,468.58,568.59,750.51,1098.95,1561.37,932.96,525.12,518.06,449.55,252.8,96.39,08-09시간대
264,남한산성입구(성남법원.검찰청),8호선,483.15,1068.75,2706.77,4047.25,2185.85,1215.54,1029.46,1161.46,1149.57,1043.07,1277.3,1639.44,2066.89,2843.83,1892.18,1146.26,979.8,879.17,456.19,165.8,08-09시간대
265,단대오거리,8호선,387.6,941.18,2198.58,3003.74,1365.53,876.45,796.42,893.38,897.36,871.14,1067.72,1407.36,1766.3,2641.68,1714.38,969.85,817.66,765.26,426.0,132.79,08-09시간대
266,모란,8호선,103.84,235.54,551.96,903.92,492.32,430.02,460.38,502.65,521.47,516.7,598.4,725.05,717.33,867.35,484.86,303.29,286.48,248.09,156.4,95.82,08-09시간대
267,몽촌토성(평화의문),8호선,119.52,426.47,913.44,1914.73,1026.42,549.79,542.47,533.75,542.9,538.15,600.23,801.4,1093.33,1585.69,886.82,541.96,525.2,424.65,220.5,73.52,08-09시간대
268,문정,8호선,217.5,812.04,3332.22,9211.41,4193.6,1609.53,1243.33,1230.68,1416.86,1495.94,1637.57,1972.4,4357.83,7083.9,2816.9,1694.3,1478.82,1160.95,507.96,120.57,08-09시간대
269,복정,8호선,244.77,726.97,1642.52,2259.08,1298.08,722.31,570.01,675.67,639.05,600.84,769.31,1058.23,1550.89,2170.22,1354.65,823.96,686.22,635.2,278.69,54.62,08-09시간대
270,산성,8호선,187.46,471.51,1074.85,1415.75,661.73,449.55,378.37,401.61,412.43,404.03,496.05,641.17,805.29,1113.37,828.89,487.39,423.7,394.96,217.31,78.47,08-09시간대
271,석촌,8호선,132.65,364.78,1043.16,1905.9,1218.61,787.75,766.91,798.33,829.22,815.34,896.15,1043.44,1409.2,1927.67,1162.79,797.12,722.21,609.85,326.17,106.4,18-19시간대
272,송파,8호선,141.88,578.16,1666.67,2253.3,1178.75,804.5,717.37,775.48,817.0,788.16,955.39,1141.66,1353.73,1897.45,1307.71,734.86,665.05,588.0,306.51,88.8,08-09시간대
273,수진,8호선,178.6,373.64,870.92,1443.97,677.03,479.63,448.25,505.29,519.16,464.29,591.71,732.44,777.3,957.66,659.23,421.77,370.7,306.01,194.75,58.91,08-09시간대
274,신흥,8호선,142.41,328.94,775.53,1081.04,543.08,399.0,387.42,437.95,481.17,475.59,552.72,680.5,779.43,1027.07,751.02,462.54,372.99,301.96,185.93,55.41,08-09시간대
275,암사,8호선,597.34,1387.18,3962.9,5411.36,2539.42,1382.53,1244.93,1373.13,1346.09,1320.63,1522.14,1843.27,2479.81,3836.77,2948.69,1617.63,1269.36,1280.02,665.75,210.81,08-09시간대
276,잠실(송파구청),8호선,141.46,568.31,1731.25,4019.11,2154.81,1405.38,1470.21,1478.02,1555.0,1624.92,1879.08,2100.5,2980.39,4333.01,2227.38,1653.06,1502.36,1167.19,449.84,123.68,18-19시간대
277,장지,8호선,322.5,1180.01,3164.99,4523.72,2394.6,1387.12,1259.31,1386.19,1323.17,1364.68,1645.81,2093.84,2908.34,3986.81,2411.67,1641.31,1211.34,1031.39,513.02,134.03,08-09시간대
278,천호(풍납토성),8호선,466.82,1092.77,2319.87,3641.4,2107.31,1227.9,1184.09,1261.66,1313.91,1338.63,1604.94,1900.27,2716.54,3885.43,2559.65,1563.74,1317.18,1111.2,592.5,211.16,18-19시간대
